{"type": "FeatureCollection", "crs": {"type": "name", "properties": {"name": "urn:ogc:def:crs:OGC:1.3:CRS84"}}, "features": [{"type": "Feature", "properties": {"shapeName": "Province 1", "shapeISO": "NP-P1", "shapeID": "38925275B86793894515453", "shapeGroup": "NPL", "shapeType": "ADM1", "tourism": 180000}, "geometry": {"type": "Polygon", "coordinates": [[[86.9040949814481, 26.48835242339644], [86.92985855205634, 26.48967849671752], [86.92842396009947, 26.496932901608517], [86.93270660956073, 26.516876982354944], [86.94457944001066, 26.517155160858543], [86.94676276232437, 26.521026109970514], [86.95933589608899, 26.520405192180515], [86.96126751107587, 26.523844861716928], [86.96594134610878, 26.523717390815147], [86.96569465627628, 26.52238362711423], [86.97509586019572, 26.52010873772436], [86.97933989065659, 26.525195803004834], [86.99081650887634, 26.523199861927182], [87.01528514858248, 26.53217174782624], [87.04232575048074, 26.568394235101692], [87.0446421718591, 26.58734243116001], [87.07178212379847, 26.58584646756497], [87.07303020434823, 26.577394790540804], [87.07267031732864, 26.542033621972333], [87.07594361710615, 26.537394521412967], [87.08017246441327, 26.52179208135817], [87.0915108244539, 26.4504163783079], [87.13903892672023, 26.415009343291178], [87.16248106422911, 26.40412550774486], [87.1733587337836, 26.403465127585942], [87.18904691018083, 26.405595837417113], [87.1859240661296, 26.414333209699986], [87.21133624156786, 26.413210245985525], [87.21092680922526, 26.40960692865674], [87.21722455601183, 26.40674734735965], [87.21891578640981, 26.40327174214016], [87.22372710669681, 26.405985838958184], [87.22404943964035, 26.408914527563564], [87.22632333104963, 26.409039555963698], [87.22618318439291, 26.41090601605041], [87.22765179554418, 26.411422746440635], [87.22670321790176, 26.412044862887424], [87.22877891262517, 26.413779122770276], [87.24662502969358, 26.414397190538637], [87.24997407557548, 26.40953504671464], [87.25625797855206, 26.411216384093642], [87.26614325538468, 26.405719158650204], [87.2643350088572, 26.38721561249419], [87.26588002885687, 26.37395929247833], [87.2724077754078, 26.372699076993452], [87.28945198699851, 26.37380752553616], [87.30132404960564, 26.36635406730791], [87.31233426743292, 26.371559180450586], [87.3133685285713, 26.367686785096392], [87.32188621284341, 26.360277264942084], [87.34097407597449, 26.347837177231423], [87.34773962013371, 26.351691146655998], [87.3583076776004, 26.361140820823305], [87.35335045792898, 26.37210703149649], [87.35638253294519, 26.38828199089682], [87.36867789388138, 26.40815228882472], [87.37608489758802, 26.407113008153726], [87.3885154706649, 26.419146053214632], [87.41913193830365, 26.422796582855117], [87.42776264318395, 26.42250250915229], [87.4430279424899, 26.433150162092755], [87.46616436050947, 26.44040387425186], [87.51637983241822, 26.43101075923862], [87.53422373167659, 26.4216818202083], [87.5475307680857, 26.418614382490876], [87.55282486244434, 26.405814837339637], [87.57358751888111, 26.396137980632233], [87.58775864105336, 26.392684279738166], [87.587073081024, 26.382236736620474], [87.60460203810595, 26.380879787806002], [87.60718825859892, 26.38125017618528], [87.61211436596743, 26.390253356515867], [87.62745762001649, 26.393914810102196], [87.65183079658415, 26.393593767935087], [87.65025760519012, 26.405960291921698], [87.67831983345843, 26.415901112108966], [87.67766986515619, 26.43546640228619], [87.69204763167772, 26.4357225096519], [87.69845590381942, 26.428294266947866], [87.7111329761619, 26.427442003565407], [87.71367613353195, 26.42528336097979], [87.7137221754189, 26.423096489569854], [87.71831103467983, 26.422466500588527], [87.72231946309813, 26.419307408776024], [87.72385440663707, 26.41567787590562], [87.72284503988905, 26.412652432496817], [87.73363950338725, 26.407865477171683], [87.73909289902274, 26.417671472247385], [87.74743937944316, 26.417941784942535], [87.75379839809288, 26.40825486309194], [87.76709136476579, 26.411426824067142], [87.76554414776695, 26.413360003911976], [87.76813739361185, 26.415367937836134], [87.7675483909917, 26.418949929681485], [87.76896758476765, 26.41887464843403], [87.77100250461174, 26.421973228837725], [87.77270277577678, 26.41959015376706], [87.77621189562524, 26.422006005614445], [87.77302746299594, 26.420545200701696], [87.77601497171656, 26.42534671234219], [87.7704985723089, 26.42759248244178], [87.77537975997694, 26.427333716686906], [87.77254593858663, 26.430185543902418], [87.77378556335955, 26.431437957301124], [87.77591325678819, 26.430088299226046], [87.77776907613422, 26.435943012337574], [87.77667106654872, 26.43713132770946], [87.77482208898385, 26.435575366804652], [87.77292550834773, 26.43617009447126], [87.77446002093835, 26.44084634005853], [87.77772780652363, 26.442771481174628], [87.7755457715156, 26.44296386365324], [87.77662683330723, 26.448012632822312], [87.77383863816887, 26.450539300951746], [87.7789505356756, 26.450795869678593], [87.77780080433594, 26.453823586480123], [87.78236527288409, 26.45410333147576], [87.78406371435021, 26.458180569913115], [87.7885818693295, 26.461576604693597], [87.78559795686787, 26.46371649182368], [87.78634631379644, 26.465835696238837], [87.7880016328982, 26.46435985381684], [87.78976945306407, 26.465040576242625], [87.7897084353051, 26.466205287075436], [87.7861390565894, 26.467423241764674], [87.78892309277255, 26.469330438852225], [87.79055975697621, 26.466505213218223], [87.79278479122924, 26.468957102085795], [87.81145572636689, 26.46193817011303], [87.82966582369039, 26.450320814884616], [87.82818729845269, 26.440226975985706], [87.84865061772781, 26.436573220067473], [87.85095925128876, 26.44537793579122], [87.8613738927267, 26.4490026835577], [87.86254683841983, 26.45309116196833], [87.85817301600258, 26.456393984328866], [87.85964906224946, 26.459864647699646], [87.85810417630529, 26.463669352066102], [87.86255564950005, 26.464452614735652], [87.86348576206494, 26.46805738069413], [87.8855608546448, 26.47658041157949], [87.88809155237011, 26.486804633019673], [87.90003078097698, 26.477555023364214], [87.90961973126562, 26.457880839328315], [87.89868908839127, 26.44886542510625], [87.92360354771722, 26.44697578536737], [87.92481042099244, 26.44563442327114], [87.9253503497599, 26.440107037016706], [87.9174252329846, 26.434961465929934], [87.91596386402776, 26.431935826963457], [87.917011513195, 26.430349546200034], [87.92404850531682, 26.429302387022997], [87.92601703623166, 26.427793553043227], [87.92677958299979, 26.418385819836015], [87.93248904101979, 26.418159191769963], [87.9657690936556, 26.397266659941682], [87.99161943253333, 26.392658148862846], [87.99245539455357, 26.369764894255944], [87.99775987548529, 26.365187948481733], [88.0023741870725, 26.36667658949632], [88.00188927891331, 26.365344197074606], [88.00411169304954, 26.36475772470936], [88.00686291695656, 26.36124314016731], [88.02998854635531, 26.365065849869353], [88.03076564851247, 26.367183555645543], [88.02716564911509, 26.37117183390573], [88.0298896658326, 26.37432935970458], [88.02892448374868, 26.37686580990128], [88.03071033361444, 26.376119593575233], [88.0313746307188, 26.378576643938903], [88.02818952894184, 26.37909148011698], [88.02715778495329, 26.381964586966813], [88.02945464729439, 26.383329011212506], [88.03077024751103, 26.382453047669173], [88.03204614006384, 26.38837612109918], [88.03443251386035, 26.388658951560906], [88.03427014512683, 26.392157645882282], [88.03649514745422, 26.390422148103653], [88.0377709662541, 26.39398711357199], [88.04208340112116, 26.394458962371232], [88.0404061566357, 26.395459532590078], [88.04253511301826, 26.396351118764926], [88.04505117092693, 26.396057502478374], [88.0439847237238, 26.397064895098946], [88.04646863966995, 26.397721384020166], [88.0452319383286, 26.399856052017565], [88.04732207711223, 26.401223971284185], [88.05034913594139, 26.400766252423917], [88.0515722032771, 26.39907173309491], [88.05231362452363, 26.40111513262535], [88.05542085530844, 26.400871085731655], [88.05418678876852, 26.402592913493763], [88.05615913785218, 26.40359367543386], [88.05557609884343, 26.405888278352528], [88.06005999867864, 26.409776835656746], [88.06385705175309, 26.41074594525428], [88.06451258801059, 26.408112371985595], [88.06711159253666, 26.409740152990835], [88.06855494493476, 26.40803032798657], [88.07137014297648, 26.408160429507156], [88.06971354782709, 26.413563432057398], [88.07860675606949, 26.420209517374747], [88.08369015369492, 26.426295082475615], [88.08623387907008, 26.432372602398843], [88.09581617088375, 26.439666706227257], [88.09689756154407, 26.45235750317394], [88.09189577576053, 26.463161164263376], [88.09414575940617, 26.464946800349765], [88.10305809237065, 26.465862007408603], [88.1035995316426, 26.46828124472826], [88.09787579435499, 26.472696009799098], [88.10426517272256, 26.472096177430227], [88.10722484828253, 26.47516677712677], [88.10620818061196, 26.477334071022966], [88.10029232222209, 26.47990692905142], [88.10113068449726, 26.484013900524587], [88.1057473410607, 26.48957406456607], [88.10027574644654, 26.49456459612356], [88.0987073825568, 26.50585415261865], [88.0926315025839, 26.50473426354467], [88.09033480831589, 26.507051084182798], [88.09656084761241, 26.511356011984898], [88.09513279133867, 26.51653853599959], [88.10310377265468, 26.518981781807398], [88.1049420823066, 26.52806983955276], [88.10274268047463, 26.53074263099121], [88.10368349324136, 26.53645527790766], [88.09932540429811, 26.534803405009896], [88.09834577416181, 26.53789093159736], [88.10701963936437, 26.54146565415178], [88.11151678682425, 26.545280030158995], [88.1075258069012, 26.55061130749873], [88.10540901189556, 26.550812751592147], [88.10541159531905, 26.561020616567607], [88.10771693353566, 26.560574010173863], [88.10940873011303, 26.557128902623276], [88.11340256288617, 26.558377115964074], [88.11058277977263, 26.562122178004014], [88.11513198415574, 26.565899870117583], [88.11423070444556, 26.56682296169071], [88.11162526549579, 26.56510600121768], [88.11317596085489, 26.572578193436886], [88.11892075625782, 26.568216738098187], [88.11761509251006, 26.574657655819077], [88.12076884714406, 26.575826549809694], [88.12296083097307, 26.57235695255684], [88.12520624231665, 26.574559490407395], [88.12297604227575, 26.57674551026645], [88.12539964526059, 26.57772140672903], [88.12843649302069, 26.57271083448134], [88.13006901368156, 26.573562040375357], [88.12988989837561, 26.579664694916335], [88.1273139291315, 26.58197082304164], [88.13009550385426, 26.584951928130334], [88.12948346236983, 26.58754031750046], [88.13191345709046, 26.59328373859563], [88.12989553419666, 26.601393311399114], [88.13564475241722, 26.605979830256977], [88.13913653200716, 26.60689962709694], [88.1420152959191, 26.625879407872645], [88.14690339275364, 26.629669105202304], [88.1546428141655, 26.63054510843868], [88.1573782829426, 26.63293038840401], [88.15815111169213, 26.63605813110864], [88.16048142395894, 26.636659621471036], [88.15799047728531, 26.640174957922554], [88.16306937745385, 26.64608341394556], [88.16494308602212, 26.670375401627297], [88.16408001040458, 26.67861804519822], [88.16784789992715, 26.684087952187006], [88.16714801211857, 26.699646462232753], [88.17304443493026, 26.708162768526545], [88.17729381860437, 26.71114421341729], [88.1820418283211, 26.719565880899104], [88.1823137979083, 26.72758462626035], [88.18480096211587, 26.73106793224861], [88.18638214941996, 26.738577183803162], [88.18712809618098, 26.750393857637505], [88.18587017287162, 26.756866397004554], [88.18796143915793, 26.771742517313964], [88.1775514286811, 26.803681173663644], [88.17890958337269, 26.8166028245844], [88.17182817575208, 26.827895587768285], [88.17424617246391, 26.83355451381335], [88.16754793905962, 26.83777727407458], [88.17067124118333, 26.845251243036827], [88.16773794661243, 26.847351256260804], [88.16741592981293, 26.84985834410006], [88.17471671886155, 26.85343947876891], [88.17344789911319, 26.855469404699186], [88.17450572957542, 26.859621124753712], [88.17181468498205, 26.86035644917827], [88.1735240957465, 26.865538404508403], [88.17183410197151, 26.869374601366488], [88.16662156081141, 26.87050290711036], [88.16197123988121, 26.880680747131006], [88.1575226958223, 26.88313601435546], [88.15740904541804, 26.88488554787891], [88.15241124404861, 26.885255798591682], [88.14649305157276, 26.888855313078437], [88.13638350419714, 26.898747203169126], [88.13915794920923, 26.901881356156757], [88.13881153932613, 26.905356546961727], [88.1450173148764, 26.91561739210146], [88.144010774509, 26.917638135446854], [88.14604049609503, 26.921053437195788], [88.13938473867597, 26.928853009705147], [88.13775747106223, 26.933376334404144], [88.12870718646009, 26.93950032171562], [88.12046487430936, 26.950477213663852], [88.12311543534375, 26.960130919565394], [88.12256219305024, 26.968395439485196], [88.13056025253776, 26.980630268688493], [88.13554557259778, 26.984926673869566], [88.13429157076868, 26.986572569121353], [88.12901791260265, 26.98777236709376], [88.11973749673484, 26.987340983489492], [88.1150811260062, 26.988839954796187], [88.11026705807319, 26.99167118193862], [88.10881447915241, 26.9951369776817], [88.10438980828995, 26.997518187256993], [88.09916709055035, 27.003774982816594], [88.09226283912722, 27.004552975611894], [88.08830338922036, 27.008371818237276], [88.08860037621807, 27.015404522689018], [88.08370208868237, 27.022835971460836], [88.08301890971137, 27.029025605315827], [88.07762827348073, 27.035386700326768], [88.07600297697032, 27.03563377377695], [88.06929869338153, 27.031350649313648], [88.06444751070588, 27.03122044629398], [88.0596977346262, 27.029144415135598], [88.05786578558752, 27.031798024593353], [88.04577504902352, 27.03673030804864], [88.03763416665036, 27.03665741556603], [88.03497479586152, 27.043269788839485], [88.02757344951117, 27.051058533952872], [88.02121216520078, 27.06931957061775], [88.01855136297752, 27.070300060915375], [88.01626526426105, 27.07384989546332], [88.01605028054756, 27.07705079962561], [88.02092933764251, 27.082468853697446], [88.02110638117487, 27.0877562065929], [88.01597359124487, 27.08846123839925], [88.01187679007484, 27.097439064729283], [88.00868611273042, 27.098671398173806], [88.00822530789024, 27.10091063181187], [88.00340909929112, 27.104478418009165], [87.9952509905373, 27.103514352156942], [87.99162147716979, 27.105482675146195], [87.98932607739334, 27.116748522128944], [87.98743101327949, 27.119379070041152], [87.98917087721357, 27.12089203266791], [87.99121407178721, 27.130841261539818], [87.99865198014845, 27.13368783742883], [88.00067269279579, 27.140275235088843], [88.00740581259997, 27.143327154096248], [88.0103034245139, 27.154729647393868], [88.00961763273683, 27.157703749365208], [88.01111021593402, 27.159243017147805], [88.01098157957387, 27.16583218786119], [88.01936293734259, 27.17106238467104], [88.01247205381156, 27.17760343461883], [88.01390924911011, 27.19083030273922], [88.01601541968468, 27.19327887718878], [88.01600166561228, 27.19621430681008], [88.01544302870032, 27.199859853141593], [88.01167361348598, 27.20381968556677], [88.01563706132298, 27.210895889887688], [88.01217432707305, 27.216078620746725], [88.01888593671947, 27.225095455777108], [88.0192402027185, 27.235936199270153], [88.02173115109281, 27.23769815295762], [88.02482088485306, 27.23730330777319], [88.02421916385615, 27.242090877015134], [88.02769404393162, 27.249404800289447], [88.03085893113902, 27.250078737856946], [88.03063896520575, 27.26332644741844], [88.03187386755212, 27.2660224829387], [88.03027624531371, 27.272107920736822], [88.03304492036143, 27.281407843574666], [88.03171822901034, 27.286284203305968], [88.0381245829257, 27.291771216964907], [88.0429773939761, 27.291678690176724], [88.04480648315112, 27.293772352519998], [88.04104110219562, 27.30155491297482], [88.04152422410989, 27.304409858515566], [88.04506900597474, 27.31014567120737], [88.04853030895183, 27.312732383609216], [88.04942786322152, 27.31879924304381], [88.05251726607969, 27.32457210699423], [88.06014137213722, 27.328532713315933], [88.06352436057261, 27.334400074454315], [88.06661079757373, 27.335976118619335], [88.05762056476429, 27.355704594818416], [88.04944497593605, 27.359439301754644], [88.04168206253541, 27.372086797808105], [88.04501288032854, 27.38009378171536], [88.04479424073583, 27.389972847027312], [88.04842757601544, 27.400885643201867], [88.04691610390256, 27.405467900493814], [88.04954853310143, 27.407228232930564], [88.05055476673049, 27.412984994946118], [88.05537933135197, 27.418205438287732], [88.05812678026453, 27.41852752425711], [88.06713888820092, 27.425333282535163], [88.08007092639266, 27.42676783607506], [88.08022964563949, 27.42988456421154], [88.07818716173033, 27.43248136087874], [88.07280351256563, 27.43400743818268], [88.06795991336855, 27.43838765077628], [88.07251103441531, 27.445342124652257], [88.06452193373592, 27.45384354011549], [88.06705069690373, 27.45795516395901], [88.06045597602672, 27.461188881414643], [88.05672749816084, 27.46757050066422], [88.04846457871061, 27.47256253229398], [88.0439630224108, 27.478557045014814], [88.04527415259882, 27.481730541414198], [88.04374332797957, 27.496043566834317], [88.04655045833358, 27.501531948503192], [88.05083158301157, 27.504477707430112], [88.05484680571591, 27.504724885810955], [88.05758415019783, 27.509525326717835], [88.06155050970693, 27.512173043027857], [88.0573109676994, 27.516149051831796], [88.05742453408466, 27.51796889283373], [88.06141284160344, 27.52537237806985], [88.06719056738744, 27.526379460693324], [88.06527517755676, 27.529629388820354], [88.05983796339417, 27.53155705531097], [88.05900698635489, 27.535161847492255], [88.06090530982819, 27.540119821694564], [88.06853885640095, 27.54646634318383], [88.06923060606731, 27.55588921470502], [88.07603265508271, 27.55877865096344], [88.08105104544353, 27.564898768385188], [88.07520075978614, 27.57212302251268], [88.08197026116721, 27.585058635601182], [88.08964483732143, 27.595175701875675], [88.09367268055483, 27.598144578145448], [88.10562158574476, 27.602575600710015], [88.11366665999978, 27.61068041236716], [88.11529195348824, 27.62105421724503], [88.11949294583997, 27.627312433126196], [88.11724792731312, 27.629850541213507], [88.12063756879803, 27.639524128846933], [88.12006449804983, 27.64563132991793], [88.13127137187703, 27.655396929848106], [88.13720330029098, 27.65755928930037], [88.14462239113529, 27.665689837953494], [88.14879990934517, 27.68408235884416], [88.1547810348963, 27.690735197534195], [88.1474560074965, 27.703037162332407], [88.1554093768898, 27.717486100771747], [88.15428214194257, 27.72561936211466], [88.15626649488928, 27.73660743049744], [88.15842411348096, 27.74085778344987], [88.16972812270994, 27.741671801995775], [88.1785520330086, 27.74709699085541], [88.17674405970872, 27.758414833069263], [88.18340500290599, 27.76634632175885], [88.18151124613411, 27.769058484470904], [88.18126736336082, 27.775950246680946], [88.18524418825275, 27.777272017607952], [88.18815420841972, 27.78148601403744], [88.19535608551482, 27.786601324545398], [88.19729091872742, 27.790886670144484], [88.1937830577038, 27.79626587862422], [88.18683108774465, 27.80148284885712], [88.1852518843668, 27.810662445394552], [88.17893558197902, 27.815830680890368], [88.17352343334169, 27.817534928450673], [88.17316028099908, 27.820635522730367], [88.18773451389424, 27.825588987624432], [88.19454838250545, 27.8357789044778], [88.20126021593629, 27.83752087852023], [88.20143431877203, 27.84272379731783], [88.19800587896924, 27.845751777519247], [88.19572546228143, 27.854601264324412], [88.18838655886405, 27.85392924681517], [88.18524739733076, 27.856839366890952], [88.178343172921, 27.856767616693045], [88.17253870763669, 27.863361611471866], [88.16420516868703, 27.86846525173184], [88.15391001610243, 27.870798661491843], [88.14876747870399, 27.87681984436764], [88.142957321758, 27.87842471691918], [88.13933880935403, 27.877748582846092], [88.13509870262084, 27.881733711850334], [88.12644664185574, 27.881766357409166], [88.11236773190926, 27.868507262176713], [88.0958081061636, 27.86725468353688], [88.09099075792015, 27.871450658091288], [88.08950362920854, 27.887486586638307], [88.08339466109041, 27.895893102037114], [88.07912052699768, 27.896021385559912], [88.07200900753826, 27.893784822486392], [88.06444223441723, 27.88638514561729], [88.05820305831207, 27.888517776668888], [88.0538718572187, 27.896954448098704], [88.04222824573745, 27.899752479834902], [88.0368100240642, 27.904542266278526], [88.02839302536245, 27.905958856469756], [88.02159263473561, 27.896669611918576], [88.01632139911116, 27.89866452260199], [88.00241778598205, 27.898157180526557], [87.99770125790236, 27.893690735725286], [87.98484493112821, 27.886002236393082], [87.98329690517399, 27.887707556212032], [87.9664967754534, 27.893243062032283], [87.95570561527214, 27.909117202751183], [87.93914548355734, 27.91086667242332], [87.93217641153888, 27.917946038915947], [87.91990743369324, 27.91600035504918], [87.9155164748625, 27.917329092605435], [87.90785160759636, 27.91696691833514], [87.89919924984424, 27.911212140344077], [87.88785969053465, 27.910202765450435], [87.87672078353818, 27.914842582856448], [87.86590004114694, 27.910834358711153], [87.86031589473978, 27.92398827695153], [87.85402216380176, 27.92879448165289], [87.85926347876378, 27.936721190402064], [87.85697944555686, 27.948022395425713], [87.85022931316624, 27.94859665461278], [87.84701797104442, 27.94638972797098], [87.84169076327866, 27.95026447125331], [87.83180599066283, 27.952923487743988], [87.83156523890953, 27.94902651586137], [87.82910979404497, 27.947031271718757], [87.82475054722987, 27.936695356543133], [87.82722713495734, 27.929923628490418], [87.8246915715551, 27.92022650371382], [87.82170030173742, 27.91906217585032], [87.81888123307614, 27.92170051307665], [87.81356824412494, 27.9215154308888], [87.80586460379597, 27.914487908632047], [87.80586025246102, 27.91090303938523], [87.80410571410886, 27.908982176823475], [87.78460023731245, 27.899422785281022], [87.77541169305067, 27.878001386424284], [87.7755051770902, 27.875539481373828], [87.77863835381689, 27.871916548989883], [87.7770260910493, 27.868162538562352], [87.77865086937625, 27.86594689025291], [87.76617052292406, 27.859575659852677], [87.7586532159906, 27.847975734496153], [87.75342843115853, 27.83596801396952], [87.74378495692773, 27.83523746204076], [87.7421562187312, 27.83047454067863], [87.73595718196324, 27.82392663035889], [87.73386644193282, 27.81916382536663], [87.73632351486597, 27.813063723411624], [87.73315270334581, 27.80933543265016], [87.72535306495932, 27.805344954061034], [87.71079489061572, 27.81118047861799], [87.70718941211916, 27.81169311622534], [87.70417221631371, 27.810185693725657], [87.69865638817897, 27.81223066113051], [87.69267882546706, 27.81082129902297], [87.68537793177354, 27.812297157769873], [87.67999562866818, 27.809896145654164], [87.67546352500551, 27.81024778044192], [87.67355114626346, 27.807705470242812], [87.66546628201534, 27.80692113986796], [87.66371607674, 27.81744542481165], [87.66522475545969, 27.820059784086364], [87.66303910491553, 27.822655825481323], [87.66974442929694, 27.830120600213128], [87.66951253462206, 27.834931794451496], [87.66508182683405, 27.83647838815359], [87.65831064589965, 27.83661012588502], [87.64704480746195, 27.833777793128842], [87.64216491460586, 27.835061776869303], [87.63581819530044, 27.834427777506022], [87.63252441707516, 27.832651623982905], [87.63201279224525, 27.824825120383107], [87.62736735283438, 27.821495955533553], [87.62328512360935, 27.821979149158647], [87.6168515354793, 27.818957797999875], [87.61404950956076, 27.811640019905365], [87.61147018316873, 27.810622687406262], [87.60660508692771, 27.817875079538357], [87.60151242449312, 27.821148507182862], [87.59513400227634, 27.821374682264892], [87.59109532355268, 27.81950133676751], [87.58949594762306, 27.820435474396003], [87.5887683237302, 27.827150615479585], [87.59100194559745, 27.833539528148982], [87.58598634468052, 27.849834489083804], [87.58635435010031, 27.8528900378154], [87.58258070940498, 27.855913449822527], [87.57879412372672, 27.862043522921685], [87.57132661353975, 27.86140237880591], [87.56941455969691, 27.86374088696079], [87.56243401770321, 27.86708602313373], [87.55213190798843, 27.865209937390528], [87.55057878155328, 27.857910806511267], [87.5476982677261, 27.853256478393877], [87.53595816077976, 27.843197217520874], [87.53112967614635, 27.84549686246218], [87.52080088283556, 27.843618525850516], [87.51591527499006, 27.84612315059361], [87.50886554783501, 27.847135243963958], [87.49301875474558, 27.843977731622633], [87.49009789043923, 27.846517328477905], [87.47969582612092, 27.840547979112767], [87.47574892249263, 27.839799036065674], [87.47473900953442, 27.836357322012798], [87.4594002535011, 27.82607595396645], [87.44980028272977, 27.82235779588127], [87.42266048952182, 27.831648722660876], [87.40361986021442, 27.83411534199939], [87.40489987016211, 27.837252212861234], [87.40888431193795, 27.838855892390413], [87.42199448028937, 27.84119442485673], [87.4264500420705, 27.840357269845224], [87.43175730067945, 27.842443492880424], [87.43317858849475, 27.846249743951674], [87.42985198195097, 27.85071153672536], [87.42595051958638, 27.852201457870095], [87.4256477811858, 27.858835550099712], [87.41920533274487, 27.860603837909192], [87.4185781826919, 27.86254602888891], [87.41524957153254, 27.859121648058256], [87.40739053148113, 27.856663846375977], [87.40260514161065, 27.85195342814596], [87.37384511939908, 27.84535155039844], [87.36516596204883, 27.83638612521241], [87.36066547303699, 27.828929955316482], [87.35524234088943, 27.827479735128318], [87.35138589611871, 27.828008555774367], [87.34796434917426, 27.830456150922195], [87.34552178966557, 27.82790152028579], [87.33786386887355, 27.82996232253726], [87.33001895941085, 27.82717680196184], [87.31786626940762, 27.825783954258497], [87.31556962336518, 27.828886949735818], [87.3044601109425, 27.83552709439078], [87.30360791501298, 27.843486621514543], [87.29330225581417, 27.84378415742507], [87.28790616150803, 27.846020111468025], [87.2847808530647, 27.84456455797562], [87.26548679318859, 27.851003885609984], [87.2637688601556, 27.849696345627457], [87.26044482864418, 27.850984169706443], [87.24998244136148, 27.843106804978216], [87.2474941324594, 27.843569281671368], [87.23865181912834, 27.83951466863532], [87.2256737213964, 27.81975631476046], [87.22361054707002, 27.822825879503323], [87.2178171619564, 27.823631514896032], [87.20477349144264, 27.821014012343554], [87.20032617139042, 27.822247947124815], [87.19318228265648, 27.82001995292383], [87.18363160553518, 27.822271142987105], [87.17904117951628, 27.820742945861248], [87.16828087765123, 27.821737974874015], [87.15673376409708, 27.824519894851775], [87.15278266187299, 27.82971136074715], [87.14049916330042, 27.837165413855974], [87.13259907950288, 27.836927291440734], [87.12634052275847, 27.834234731070886], [87.12194173267233, 27.839328698497816], [87.11590556148802, 27.84037624642229], [87.1100139705235, 27.84807926769677], [87.10815700797087, 27.85433723924693], [87.10717685300747, 27.874975509367413], [87.10383221836533, 27.878168352738115], [87.09524018356744, 27.87973818295503], [87.0888233949761, 27.88265512047985], [87.08855295936912, 27.889617932507516], [87.08606894256337, 27.890905523029257], [87.0819854692493, 27.89951093187651], [87.07781125136432, 27.902886368902024], [87.0782767102617, 27.915707984961358], [87.06577691067015, 27.92396096204964], [87.05338334996327, 27.926633125439057], [87.05027964449424, 27.93427145063224], [87.04579257573057, 27.938442498913858], [87.03913230030842, 27.950436121498303], [87.02417895818998, 27.950040199379973], [87.01571939231782, 27.957739548353498], [87.00881152038548, 27.953507551462472], [86.99220754392515, 27.95483650821035], [86.98777452702106, 27.95096227510078], [86.9823718306179, 27.949576426617885], [86.97312299606416, 27.95437608226737], [86.94944823486253, 27.956864810162653], [86.93441127864806, 27.96201608073705], [86.93247682359991, 27.965753587472957], [86.93307715103805, 27.97809062201744], [86.92590738684657, 27.984401991951206], [86.92535125448357, 27.987889733575106], [86.91734796259009, 27.98920503459301], [86.90892979070767, 27.993181841544647], [86.88992388890344, 27.996974162302227], [86.88904156714457, 27.999730463303266], [86.8816590283445, 28.002837740530833], [86.8788894884553, 28.00687383037681], [86.87304642344463, 28.01051227569755], [86.87097868399543, 28.013729888189832], [86.8725071045417, 28.022158038440782], [86.86742732642247, 28.02526448187048], [86.8520444174313, 28.027710237952153], [86.84811781170762, 28.024795553225466], [86.84731652940611, 28.019846918188346], [86.8384909917477, 28.01753552998842], [86.83581976738807, 28.015350677523326], [86.82809234772189, 28.015273546364938], [86.82584496341067, 28.01768485269823], [86.81876796116751, 28.020173191890485], [86.81182452506002, 28.01906060439429], [86.80267937391359, 28.023618721706054], [86.79009725899643, 28.01893666590907], [86.78620659924177, 28.023718169035366], [86.77930023802313, 28.027350971094442], [86.7801086597639, 28.03163441545293], [86.7737575429491, 28.03781493650134], [86.75859159910179, 28.035038914620962], [86.75245801937105, 28.03832644934808], [86.74933260299369, 28.044491341207788], [86.74719342049426, 28.04567869689904], [86.74686666589889, 28.050567128718853], [86.75118289167415, 28.05416900830759], [86.75351807434298, 28.06561633858847], [86.75639148451343, 28.069450108715728], [86.76493124474275, 28.074629297483217], [86.76088445603519, 28.077719949708946], [86.75337928232443, 28.07935591946521], [86.75084681936056, 28.081348008012295], [86.74738123089334, 28.08608864688226], [86.7485331408833, 28.09435711520011], [86.74586415275208, 28.098341022923638], [86.74211489260394, 28.0984964421612], [86.73827877754329, 28.103784275291805], [86.72668418068427, 28.10368720235293], [86.71545943593652, 28.107930747374535], [86.70799133826364, 28.106017660764685], [86.70506686906715, 28.10787944195646], [86.68909801436796, 28.108667649265513], [86.68044533066997, 28.10361663591844], [86.6686428198866, 28.100942227824465], [86.66165035341561, 28.095939114869733], [86.65794886239884, 28.08110281511082], [86.64997499105262, 28.074846797023994], [86.63897122196082, 28.073408230880226], [86.63555254589701, 28.07070309961081], [86.62428381900165, 28.074496873295537], [86.61398563362282, 28.073527464900792], [86.60835744364417, 28.076018080233283], [86.60382789446416, 28.082493606975625], [86.60260756603671, 28.087568631669857], [86.60801618847644, 28.092161814782905], [86.60248413533805, 28.101923843072143], [86.59006778097329, 28.10417723345833], [86.58837391609835, 28.10808872789323], [86.57642400746055, 28.112880400054948], [86.57440833192682, 28.1130614101981], [86.5722257361655, 28.11067221082115], [86.56826191951218, 28.111821662728843], [86.56367909475246, 28.108639617055655], [86.56159950122174, 28.102740046228828], [86.5668574281743, 28.09184855335935], [86.5643162583325, 28.086482239467493], [86.5597017628725, 28.08270437162129], [86.55860832819707, 28.077875035132884], [86.56513623431495, 28.071594588085045], [86.56534095367083, 28.06899394972103], [86.55822526487846, 28.063455070509765], [86.55579692243131, 28.056769126725676], [86.54889652758936, 28.050761168387947], [86.53566715763168, 28.05018242429236], [86.53335054208058, 28.046632451570225], [86.53336985410975, 28.038106716686844], [86.53041119346331, 28.03198477502611], [86.53145647653865, 28.027162537333954], [86.52143889561754, 28.019854328804577], [86.52222942162402, 28.016847423993593], [86.5197910021578, 28.005210923226134], [86.51503983541443, 28.001496422417443], [86.51645896896646, 27.99833835510164], [86.51577936803193, 27.990006339158178], [86.51283718513226, 27.984759508256854], [86.51544312341633, 27.977738619455188], [86.52015026685916, 27.97437094046153], [86.51869658340297, 27.971529919240727], [86.51222713240367, 27.96826734779464], [86.51341134022347, 27.960323204518637], [86.51624996701229, 27.957519817145403], [86.5155698264802, 27.956621698590506], [86.51822111559156, 27.953203925890374], [86.52215832891021, 27.94000573871785], [86.5337245733163, 27.942116502671293], [86.53966401447339, 27.93489887744428], [86.54780304261695, 27.930458604341446], [86.54978909620309, 27.919134651808694], [86.5544358990402, 27.90892495913419], [86.55424931176205, 27.902706386775698], [86.55166344276452, 27.89807063082758], [86.55462276893269, 27.885538176825104], [86.55102688671958, 27.876163452587047], [86.55410296703607, 27.85714714348618], [86.5501421191445, 27.848414166256735], [86.54887321238007, 27.840445730786712], [86.54384298118481, 27.827081649324434], [86.54353345712533, 27.82150789162886], [86.5404623839492, 27.8176508693585], [86.54035289762996, 27.814877678057073], [86.54242664406492, 27.81117091923699], [86.54821020082254, 27.811004910116775], [86.56708331302788, 27.804007989666967], [86.5656310388631, 27.79961966894407], [86.56881540114404, 27.795387977296528], [86.56883224331375, 27.791119295534006], [86.56568608686275, 27.785766780172363], [86.56620467848093, 27.778537247316763], [86.56398735475311, 27.769613817714273], [86.56607186036, 27.762621664881348], [86.57036130620769, 27.75935453123027], [86.57276297181393, 27.754599122328656], [86.56288757136015, 27.749347356292933], [86.56327668050655, 27.744937693359446], [86.55825960646214, 27.73843968530749], [86.5563189310657, 27.732456747976418], [86.55699561022512, 27.728779086702808], [86.55354926516907, 27.719580659751248], [86.55132385190534, 27.71755417663807], [86.55096273415649, 27.710879078424995], [86.54025609320566, 27.701616029712348], [86.539114789688, 27.69662370484578], [86.54078309243747, 27.69281176163588], [86.53660501543656, 27.678615204145277], [86.53881049248803, 27.67499225233117], [86.53803419702017, 27.67031253080846], [86.53548319962351, 27.668359098511804], [86.5330153948352, 27.66282298586755], [86.52711710162232, 27.660185806351226], [86.52882904004359, 27.655618305001433], [86.52621812158507, 27.65041553514138], [86.51681712113525, 27.646852064402843], [86.51370656071575, 27.648203953001463], [86.51138599139396, 27.64243573959043], [86.5071777716677, 27.64060226693662], [86.49986398527503, 27.62037137911293], [86.49547840699265, 27.618843939192622], [86.49249840911338, 27.613749716266906], [86.48409912284768, 27.617245259598203], [86.4766228845449, 27.61583419393363], [86.4696950772611, 27.617132270514173], [86.43479143140114, 27.61028902823384], [86.43022534891081, 27.604248486554837], [86.42018391251096, 27.598683684135427], [86.41796023756193, 27.591393483163877], [86.41345455429226, 27.58680787697776], [86.41002294748408, 27.58653615409324], [86.40781346879837, 27.584489360353462], [86.39850090087289, 27.583472415674496], [86.38826197597675, 27.572782754665113], [86.380789298601, 27.571441057747627], [86.37664047039087, 27.56841944359064], [86.36923859960088, 27.558199163690734], [86.3706705411068, 27.55225596748736], [86.369655354304, 27.549663493905886], [86.36482361551103, 27.546688113948864], [86.35853640241375, 27.539784495821344], [86.35765336256858, 27.529616072954273], [86.35494582027756, 27.5248608868695], [86.34653720121091, 27.52352429985514], [86.33827717198662, 27.52008283983838], [86.33441883509771, 27.515718975293943], [86.33321028494272, 27.51087126113594], [86.32625469763896, 27.50504828452235], [86.32464583577007, 27.49974054243975], [86.31939335756522, 27.498774100725264], [86.31554893566332, 27.49245134879762], [86.3129132979097, 27.491682496227973], [86.30539372266435, 27.48285715431121], [86.29504085205969, 27.4789695107346], [86.29294961725671, 27.476501882684456], [86.29206686268844, 27.470403284327134], [86.28108743426696, 27.464311576373404], [86.27913948842959, 27.46493561268414], [86.27245448984135, 27.46201282198518], [86.26374919391583, 27.456157257942973], [86.25422920565734, 27.440983071230196], [86.25654566935637, 27.437209508281686], [86.25126052542942, 27.432526585107045], [86.25198763952169, 27.42856626273448], [86.24796350298497, 27.424499181190374], [86.24826598389222, 27.420624592947448], [86.2412301450244, 27.41821068928255], [86.23762466923002, 27.41288653867408], [86.23737264541465, 27.4096858190608], [86.23444937355853, 27.408191964363457], [86.23603268930837, 27.404132665194858], [86.22771609943005, 27.39790026551331], [86.22739525651431, 27.389525567749768], [86.22492237654177, 27.387418025271863], [86.2257953284699, 27.38424607206744], [86.2220010606457, 27.38209507408961], [86.22472313508742, 27.370587581151856], [86.21905286787417, 27.362225915490246], [86.22183411394813, 27.359978412278565], [86.21712619039278, 27.353079570825948], [86.21841350398442, 27.350893723840827], [86.21662385527618, 27.342461068956975], [86.21804903355162, 27.337029200682334], [86.21566185643816, 27.33358184165642], [86.21723332226979, 27.328444073656396], [86.2222913084999, 27.327353256989998], [86.21932367298062, 27.32260306684758], [86.22891215996422, 27.319935214774137], [86.22898317851678, 27.31564422209956], [86.23131901948689, 27.31460335500222], [86.23381909190162, 27.3075189003981], [86.23722586296665, 27.30612958132094], [86.23789053961531, 27.30250503939988], [86.23545661573853, 27.29625549120092], [86.24060528630294, 27.288785928307796], [86.23404409124977, 27.285501109147365], [86.22675702364585, 27.27765430776915], [86.2237332979862, 27.277499957472255], [86.22317837269753, 27.27446890517758], [86.21898402167139, 27.272690180353386], [86.21623516646014, 27.268060731954815], [86.21381559110975, 27.26892711427798], [86.21113454863482, 27.26094734040241], [86.20473769951366, 27.254970325173957], [86.2051223704218, 27.250401300147093], [86.20358082507508, 27.250270723789356], [86.22158037395128, 27.2398734484301], [86.23012293187247, 27.237429746129393], [86.23966734969399, 27.24133787327587], [86.24319382784782, 27.247169227396302], [86.25280531541367, 27.25033679652607], [86.25745360390657, 27.258136682965265], [86.26157595167888, 27.257495184496108], [86.26630319576007, 27.26108494584936], [86.26666380580386, 27.253650111562557], [86.27712213339943, 27.250204968877423], [86.28131511299617, 27.245878674484906], [86.28788675761938, 27.24569336400526], [86.29492830236015, 27.238441125237063], [86.30611498913281, 27.237213174337015], [86.3090006921346, 27.233355565208164], [86.31588252004651, 27.231439913507298], [86.32770906330032, 27.230120792673716], [86.33319776217125, 27.231058615502665], [86.34098466136257, 27.22902411578855], [86.34314963818335, 27.21968179252601], [86.3401528351646, 27.21416679252646], [86.33991019739418, 27.210368250043878], [86.34357531476158, 27.202869664573473], [86.35062006134909, 27.20083333931265], [86.35807888432187, 27.201463409866353], [86.36873961580021, 27.192554129803067], [86.37535815717672, 27.194016550484886], [86.37902344312567, 27.19329498856098], [86.384207994644, 27.18247384786618], [86.3898629959331, 27.17993985517996], [86.38455464447998, 27.176193658867824], [86.38490915668862, 27.17343115948698], [86.38314620466927, 27.17322039925794], [86.37813952165298, 27.165558242813695], [86.3790989914737, 27.163987523137695], [86.37376060820252, 27.15899306187652], [86.37360272012876, 27.154680440994397], [86.37046083139438, 27.151065269828095], [86.37422097349075, 27.14772462920217], [86.37049235199768, 27.147012942076543], [86.36791294800614, 27.140638462657254], [86.36352680286808, 27.14213038139071], [86.35915586946096, 27.13937805107909], [86.35556569411975, 27.143292143894413], [86.34496937864122, 27.143901973763416], [86.34303206013219, 27.1473496977873], [86.3412272790849, 27.145172798014098], [86.34090041165422, 27.140918106157848], [86.33659409736708, 27.13804353788541], [86.33795138419016, 27.133859869159938], [86.33512899747916, 27.13413085950683], [86.33594743575577, 27.131984438328836], [86.33428118979786, 27.1302684370906], [86.3364386794543, 27.12923850168461], [86.3347181801145, 27.128018706604696], [86.33642526947952, 27.127992924708906], [86.33665001948441, 27.126599551833884], [86.3346079166579, 27.12635297718177], [86.33380285928587, 27.12220876739382], [86.33200792562252, 27.121322502539986], [86.32621252551613, 27.110962947605415], [86.32424780374257, 27.109947191363183], [86.31323778633367, 27.11088429782141], [86.3118964901699, 27.10953070801522], [86.30643090599399, 27.10889910882783], [86.31119471979176, 27.102977088180463], [86.31715333343769, 27.102141949482778], [86.32308343482103, 27.09912231662511], [86.32783234601875, 27.10055083328426], [86.33235858024862, 27.099893217795398], [86.34119003772685, 27.106500970129858], [86.35490641558562, 27.104290147302986], [86.35611359543198, 27.100134909297672], [86.36262406991507, 27.099550946917528], [86.35702803913034, 27.09419582611903], [86.35878317230151, 27.09184593761392], [86.35827965181004, 27.084029808437997], [86.35527847054594, 27.081581474322796], [86.35360691334168, 27.07690985927354], [86.355245669982, 27.075306278735404], [86.35148644203021, 27.073840344956885], [86.35086685648403, 27.06987312333568], [86.34699047277242, 27.07054787329904], [86.34608131159284, 27.066078315213552], [86.34765488773888, 27.064569288178525], [86.35087104574848, 27.066793145760993], [86.3511619293293, 27.06163191903211], [86.36329387723264, 27.0540833539925], [86.36402839772425, 27.042653500713598], [86.36698786804106, 27.037571874740962], [86.37307878092874, 27.036554442372644], [86.37497050675972, 27.034848001081148], [86.37817420784339, 27.035157776748168], [86.3826230160116, 27.031490425870892], [86.38199700120819, 27.030138347779893], [86.37937069165669, 27.031446750861395], [86.37961826956986, 27.029153144704907], [86.37404099649447, 27.02332269081899], [86.37538312721126, 27.020611952950414], [86.37198773286428, 27.015887750098088], [86.37414832610959, 27.012871490982707], [86.37220931070601, 27.01080501586189], [86.37409195031721, 27.007356602211246], [86.37310303366374, 27.003583981796346], [86.36666400448097, 27.000339846898118], [86.368178722088, 26.99546149029385], [86.36515137895488, 26.97998243135609], [86.35298078869364, 26.96461058400299], [86.31503508059316, 26.963454362054083], [86.30971712647036, 26.96156012717037], [86.29658340737684, 26.95239965307359], [86.28347143517479, 26.94919277977831], [86.28099443580565, 26.946734205454394], [86.27836902756593, 26.934728034728113], [86.26307337099094, 26.92710807593407], [86.25988349918843, 26.92298251292621], [86.25968479189879, 26.919143286570666], [86.25925294567192, 26.914454505305397], [86.25646036629134, 26.911754697039683], [86.25240202485638, 26.911573083360125], [86.24624719181585, 26.915116729840268], [86.24179697164239, 26.905532563766403], [86.2361119458442, 26.903360597758102], [86.2242019287117, 26.903843982689672], [86.22211392434646, 26.89915948649384], [86.22404358922923, 26.89105610895343], [86.2209982275323, 26.888507658221826], [86.21659665987703, 26.892337246932282], [86.21589967096682, 26.89624595227676], [86.20369087258946, 26.900081223565415], [86.19996680797536, 26.905536428943375], [86.19194588302733, 26.90419785278351], [86.1868572502048, 26.90648594114664], [86.17107590853747, 26.919966300272772], [86.1585296726791, 26.92599774604881], [86.15748910015029, 26.92998762624008], [86.1562467834541, 26.925970647539934], [86.15781316382449, 26.921857599937706], [86.15592472007238, 26.91897394835222], [86.1607696818483, 26.91439312144844], [86.16851474932243, 26.91361531874672], [86.16918303797134, 26.91052129013763], [86.17394158987652, 26.908180013953437], [86.17799778285527, 26.90040339311256], [86.18550762252809, 26.9000001154707], [86.18704990577936, 26.89469517252197], [86.19455675143226, 26.894074727037793], [86.19837291548392, 26.892318507520073], [86.20024467408606, 26.889127258369637], [86.20778985118142, 26.887330792395733], [86.21894313372937, 26.881842149363656], [86.22744529784222, 26.880686267843533], [86.24080103332184, 26.866644792194656], [86.24686592475626, 26.863847701941793], [86.25023290357795, 26.867798534453872], [86.25497911876289, 26.869703195479076], [86.256941675169, 26.872719087098666], [86.26820428092839, 26.87814585906789], [86.27121917140713, 26.882536645956634], [86.2875323940411, 26.886706239375865], [86.29418812069343, 26.885110553331774], [86.29859353058491, 26.88584543610678], [86.30719824323397, 26.88173831823676], [86.31040155394813, 26.882764906233977], [86.3142670639808, 26.879044799007623], [86.31726326652957, 26.88056209028293], [86.32134527325232, 26.878722445819363], [86.34080057892946, 26.88017964292809], [86.34629923142661, 26.87745460033289], [86.35156728511892, 26.877894087831486], [86.35800394328757, 26.875028447375804], [86.36225951595137, 26.874898780137972], [86.36604338210957, 26.872564611371157], [86.36965285514609, 26.875308805949178], [86.3694917744233, 26.88018649818076], [86.37404316799787, 26.88377194639098], [86.37476663497587, 26.889840422419116], [86.37723194776554, 26.892410112195265], [86.37680579040338, 26.896573675866495], [86.38279713737602, 26.902390013526272], [86.38267984367668, 26.90822687175529], [86.38444708901676, 26.909380861664832], [86.38639923834346, 26.907994892712832], [86.39377883768445, 26.908044824345538], [86.39652875712973, 26.909663164849817], [86.40172454555486, 26.908317871873184], [86.40345997482466, 26.909816768873245], [86.40744513517659, 26.907182192254954], [86.41844353122961, 26.906345639110043], [86.42272485137909, 26.903170303170608], [86.42824370803748, 26.902531639406885], [86.44493282147923, 26.891667942235657], [86.45712994588746, 26.887391961679707], [86.4761169112903, 26.88721992208904], [86.47955581093788, 26.888557174289097], [86.48012639936006, 26.886708971782447], [86.47739370296429, 26.883260042571447], [86.47923829797026, 26.876233442809138], [86.48125819571204, 26.874516877124606], [86.47947452579177, 26.87286761733273], [86.47994893897744, 26.871055161011846], [86.48250951133947, 26.869573021780344], [86.48815390434937, 26.869399507307392], [86.4886728884212, 26.86693510915235], [86.49287777733056, 26.863985251951654], [86.4943359667654, 26.86081780554634], [86.49323207255473, 26.859629141609396], [86.49609520020434, 26.856638328335258], [86.50044130005818, 26.85763081428328], [86.50476614401734, 26.8560823356653], [86.50543609640846, 26.84823428806472], [86.50724420754837, 26.84662721009243], [86.51169444046387, 26.846593038233063], [86.51097229537254, 26.84312233262152], [86.51252983654078, 26.840449219260737], [86.51510699991998, 26.843445747957677], [86.51775497026672, 26.843287744585204], [86.5208120613391, 26.834885910855245], [86.51963572129631, 26.831562621527137], [86.5251094890544, 26.832479195278395], [86.53720618318981, 26.831585103338032], [86.53966653047753, 26.83545399240082], [86.54352706705136, 26.836529337019225], [86.55202023897748, 26.835238656250006], [86.55151013033245, 26.831673962341736], [86.55463393158408, 26.830670728465595], [86.55158527310678, 26.82441285259439], [86.5534718526799, 26.81487828542859], [86.55047033221292, 26.81360747250314], [86.54481622171345, 26.806305330406634], [86.54585933455078, 26.803413602423774], [86.54061124953161, 26.798281153301016], [86.53693967630123, 26.800776184825665], [86.53565385270817, 26.80030032898302], [86.53440349877373, 26.798141310813712], [86.53570350127706, 26.795909342100764], [86.53012813867166, 26.791210973325413], [86.53127628800654, 26.78883188896653], [86.53447221680943, 26.78730801492213], [86.53820372130963, 26.787769288312003], [86.53631128835443, 26.784396365044852], [86.53856014759128, 26.7831062044589], [86.54316339915093, 26.784258429801444], [86.54816767107472, 26.781948030459077], [86.55137277913597, 26.786703666338315], [86.55617262626832, 26.788038816981107], [86.55756296093621, 26.790247771196686], [86.5620647034921, 26.789503600705466], [86.563891807327, 26.791091053973368], [86.56544736256508, 26.787767435551533], [86.56502201883815, 26.782910105504644], [86.56659454284207, 26.780969801691437], [86.57151244991229, 26.784676433875177], [86.57787112721881, 26.78443831331712], [86.57722601832297, 26.77576006443159], [86.57271295156579, 26.76823452576602], [86.56885101985344, 26.768060349836674], [86.56781648407853, 26.764263979104946], [86.56134764446557, 26.758036417329556], [86.55318083377065, 26.74597683956464], [86.563957220977, 26.74408556257214], [86.57392464426461, 26.739582501511023], [86.57170624740718, 26.73349218722579], [86.57292077121951, 26.730776695314546], [86.57208055769559, 26.722357296842922], [86.57985135124837, 26.716694049428742], [86.58022675023723, 26.713260733336508], [86.58332549414742, 26.71220925197188], [86.58120366700128, 26.708152510480375], [86.58305674611617, 26.701832908746063], [86.58605244755068, 26.700442582369227], [86.58639904848786, 26.69647206187736], [86.59769518598594, 26.697303366465235], [86.60189371093747, 26.69988539861937], [86.60526742235066, 26.692709960574955], [86.61052900315332, 26.68907786726583], [86.61349913855987, 26.69396917602002], [86.61630081308334, 26.69512312303721], [86.62740203793639, 26.690046068291867], [86.62820834309493, 26.69434245378164], [86.63132649112748, 26.694797342561788], [86.63378496786801, 26.698547366941227], [86.64193578920803, 26.69820709767635], [86.64892649343086, 26.68985719884025], [86.65248524249941, 26.691729906701756], [86.6566027104081, 26.69153005693205], [86.66491029633526, 26.7044889982341], [86.66900226433589, 26.701538013579004], [86.67106939893209, 26.697142496377054], [86.67045130295948, 26.693681789614175], [86.68482567664134, 26.688104647598323], [86.69115157089863, 26.68970036584208], [86.69833664831951, 26.698056065571425], [86.70275429601598, 26.699392148311166], [86.7037448204415, 26.703993199391515], [86.70600118841051, 26.705263814205132], [86.70627142608092, 26.70717346321753], [86.71466337393228, 26.708282696428014], [86.7179622258251, 26.70682706720957], [86.72236046978736, 26.70964520767643], [86.7274759916582, 26.709704726421105], [86.72961699143194, 26.711315496490695], [86.73177098014004, 26.710383114933787], [86.73338261063925, 26.71209211739139], [86.73695095378181, 26.71233340692279], [86.74000023372955, 26.70990423493838], [86.739495884827, 26.70589564005197], [86.74205650719065, 26.705036009031545], [86.74228317002188, 26.701845667769383], [86.74588768978892, 26.699419567917573], [86.74671338448043, 26.696954610188076], [86.74872709951448, 26.698059421539615], [86.75314770972976, 26.695232869692102], [86.75314052492564, 26.68630590350896], [86.75993019988599, 26.695402470262426], [86.76413709766604, 26.695053010539176], [86.76855874764935, 26.699246218078095], [86.7719005715868, 26.698908617618578], [86.7757967981551, 26.702658480126644], [86.78140302813756, 26.701694659218653], [86.7838362135995, 26.704552950021164], [86.79995607151871, 26.71267313786465], [86.80628649612673, 26.712812796702075], [86.80842780087009, 26.708943423609178], [86.81427800337964, 26.7077868119521], [86.81543862433544, 26.709688415023226], [86.8187542631787, 26.70933162795798], [86.82391504862944, 26.71434090188333], [86.83755756060903, 26.709855340480715], [86.84182143072324, 26.695756524436266], [86.84045994040187, 26.691799223042974], [86.84204619808892, 26.690586981419244], [86.84369280369384, 26.69320865477426], [86.84620184070302, 26.69373490155339], [86.84825568912116, 26.691322586122972], [86.85116733204606, 26.69325502854697], [86.85074925549644, 26.696454428959232], [86.85851334195385, 26.69792918155128], [86.85907184155481, 26.700420973696794], [86.86161741814485, 26.70177971117564], [86.86566816702863, 26.700653065289377], [86.86655935425313, 26.709932955104744], [86.87129323397359, 26.713157503537747], [86.87896436579165, 26.712967901642983], [86.88237677162186, 26.71127604645105], [86.88495173254493, 26.712108579628623], [86.8891957680731, 26.719741483336993], [86.89427750336289, 26.724712072802397], [86.89774190487945, 26.725772914275055], [86.89926988390481, 26.72922657473958], [86.90131748725258, 26.72944915238982], [86.90103541535825, 26.731633332060458], [86.90257885888292, 26.73074306161918], [86.90409063378512, 26.73209353119248], [86.90342232483572, 26.73597661627371], [86.90647943242372, 26.735807184652536], [86.90705260764197, 26.738732062064575], [86.91116142314063, 26.739946464208483], [86.90844058664615, 26.74884913683275], [86.90869458078465, 26.75929497515065], [86.91356742234628, 26.760489517205006], [86.9213232229643, 26.76657542992537], [86.92593582168651, 26.763165995340806], [86.92782286481518, 26.758428193300055], [86.92471950756598, 26.75015399040992], [86.93251007106011, 26.740730012692264], [86.94446268540995, 26.732986147213083], [86.9488298851341, 26.732202479088397], [86.96708568927187, 26.735701048992038], [86.9706791992995, 26.73099921097072], [86.97323812863526, 26.72166644682939], [86.98277928332467, 26.71497263672253], [86.98413865274841, 26.704030617597272], [86.99052138651743, 26.69822498606375], [86.99132692989737, 26.703002268570543], [86.99587046404444, 26.703061154755478], [87.0005313889204, 26.7075179698258], [87.00083228929682, 26.71034997698452], [87.00345167151744, 26.708754599906076], [87.00710157135387, 26.708826593586], [87.00999815140231, 26.71088665116522], [87.00957102443512, 26.70772748246296], [87.01320871172628, 26.700282697180516], [87.01459212198569, 26.690243037088656], [87.01076418792222, 26.684053575920448], [87.01339150297564, 26.67090870985332], [87.00626408745342, 26.666368921340272], [87.00236954905922, 26.659601447533728], [87.00189175727067, 26.655699842751737], [86.99490938415694, 26.654095299946174], [86.99111441032024, 26.649595503417196], [86.99108963682798, 26.644982968623207], [86.98852324010464, 26.641067580080605], [86.98872775040437, 26.636380556703532], [86.98480414958107, 26.632749368941607], [86.9856727330202, 26.629409739059092], [86.97884020792056, 26.625236361744502], [86.98688042271289, 26.61313287066485], [86.98940724661185, 26.606006725337043], [86.98263694302, 26.591013107222583], [86.98253911751422, 26.58635995040066], [86.98494702032964, 26.582122299226253], [86.99172520304307, 26.57626461465154], [86.99234039921106, 26.57212373817489], [86.97387783989085, 26.55809214797206], [86.9721294610428, 26.554196832463337], [86.9636362642656, 26.544638085379233], [86.95638825052167, 26.542424592756657], [86.95090519460818, 26.537297946969012], [86.93328986854763, 26.533619279306738], [86.92371701499098, 26.523261021027338], [86.91677076779393, 26.51247265819676], [86.91600583515432, 26.508049155650685], [86.91785998205508, 26.50452762094768], [86.91624512991382, 26.501462173220634], [86.91086637571804, 26.499195466545615], [86.90965961231745, 26.495338095962673], [86.90675926468059, 26.494079281507627], [86.9070043599762, 26.491035238603093], [86.9040949814481, 26.48835242339644]]]}}, {"type": "Feature", "properties": {"shapeName": "Province 2", "shapeISO": "NP-P2", "shapeID": "38925275B32852473043531", "shapeGroup": "NPL", "shapeType": "ADM1", "tourism": 50000}, "geometry": {"type": "Polygon", "coordinates": [[[86.25968479189879, 26.919143286570666], [86.25724649676776, 26.921571905446882], [86.25792695358666, 26.928374066207653], [86.255417447491, 26.932451664241043], [86.24140962195422, 26.93989314821018], [86.23538026661215, 26.946762878788267], [86.23418603254426, 26.950470406339925], [86.22664097468927, 26.94956954703991], [86.22169132276713, 26.954885432823126], [86.2188016503522, 26.954300873279056], [86.21846230955214, 26.957773810758695], [86.21020441344491, 26.965566422434517], [86.1986106385748, 26.970553038434694], [86.19256314738406, 26.975049290216948], [86.19152139813315, 26.978583585425945], [86.18726303897472, 26.977455739176467], [86.1875781451124, 26.98245086482494], [86.17888211410965, 26.984444731666734], [86.17011291330876, 26.989111422987108], [86.16719167735673, 26.98880983801921], [86.16308708683175, 26.991894809878332], [86.14037946436022, 26.999307838421363], [86.10640232676464, 27.015242676911804], [86.08917518606205, 27.019139421064835], [86.05526545304818, 27.018236938842954], [86.04906349820463, 27.019018641944104], [86.04753246129047, 27.021402343550527], [86.04213889236865, 27.01958553913407], [86.03034122280545, 27.02079761163001], [86.02110015113553, 27.019230972561605], [86.01496412308437, 27.020147103025153], [86.01229444037814, 27.018691187844745], [86.01087521340396, 27.02052006443749], [86.00575528910247, 27.022036283584175], [86.00186919369764, 27.021011560160094], [85.99166807459578, 27.024848988869167], [85.98762790587597, 27.028369110380737], [85.98576036277616, 27.03320440122081], [85.98263598398455, 27.035036500348948], [85.97090219191824, 27.05097064484309], [85.9696910191587, 27.061040482390045], [85.9660694284547, 27.067200563588795], [85.96688456847369, 27.070417166904182], [85.96548524390802, 27.073804781489574], [85.96321517797092, 27.073230794902894], [85.96201338595837, 27.079850751149767], [85.95560382275482, 27.084245817647634], [85.94994569332317, 27.084023181016736], [85.95097647991044, 27.087830423409873], [85.94807897627908, 27.088223903702385], [85.9441299140319, 27.09208174641071], [85.93589855592553, 27.110202627218577], [85.9381293450869, 27.121437480243195], [85.92926092103978, 27.125607276846356], [85.91411457057825, 27.129737222442284], [85.91207160011709, 27.132221218279476], [85.9018909932904, 27.13542476606778], [85.89087556548225, 27.14132612363588], [85.88657228698297, 27.14577284492708], [85.88302217720732, 27.146410229849028], [85.8624682669174, 27.127171349741754], [85.85840012471964, 27.13264567181859], [85.85489861902977, 27.1339934325837], [85.85352234121827, 27.1380456121415], [85.84554032822825, 27.14093803708449], [85.83565505990529, 27.147092453059916], [85.83464894994314, 27.14971695341619], [85.83975640915483, 27.152595281675072], [85.84355038585156, 27.159936628919745], [85.83068873668108, 27.16717608732776], [85.8245707666653, 27.168264327103287], [85.81586242655175, 27.161307552202636], [85.80899669414374, 27.16168940557535], [85.79900195285691, 27.16725587193768], [85.79369268728301, 27.16847373861801], [85.78810943560599, 27.173792987297144], [85.77291532745822, 27.178741673336482], [85.7694436496062, 27.182174374282106], [85.75032426763966, 27.18601440672445], [85.7475492088959, 27.188354091252176], [85.74318848554205, 27.18755246616506], [85.72365426585617, 27.19524302468081], [85.71685574729538, 27.187848634229947], [85.70372959549512, 27.184792753634074], [85.69894969160117, 27.186275856692383], [85.69489214359645, 27.184099358066486], [85.69012927290552, 27.17776715657727], [85.6858638602913, 27.176416520148592], [85.68171804834986, 27.169354454655263], [85.67753420451915, 27.16719207979218], [85.67107756665888, 27.166470038838508], [85.66961630791637, 27.16403991816778], [85.66572229248061, 27.162247701162], [85.6624455341742, 27.156170251308964], [85.65606589364629, 27.155080494434962], [85.65633334547596, 27.152623967240604], [85.65349521229165, 27.152903583219633], [85.65028818443581, 27.150431688897278], [85.64678326138817, 27.14462464831883], [85.64173853665967, 27.142152849151703], [85.63990563604942, 27.142949560532905], [85.63345876454188, 27.14135509762435], [85.62976964134927, 27.137429698797746], [85.62280486453581, 27.14068242151973], [85.62008219557785, 27.138823792634035], [85.61278509559237, 27.141725354232513], [85.60497947471752, 27.13962653934482], [85.60004916586466, 27.14362935341704], [85.59468605541386, 27.14064072034583], [85.5890615604031, 27.142932737371193], [85.58388412137383, 27.14262343104624], [85.58070788650295, 27.143951699467692], [85.5710854758539, 27.137074717504746], [85.56891975523283, 27.14350492344946], [85.5590449190409, 27.143888916585905], [85.5535545810386, 27.146805880297855], [85.54976722629361, 27.145719978704566], [85.54919398786498, 27.142634556966364], [85.551730384512, 27.140569468684262], [85.54678684511349, 27.140644694118357], [85.54594907439873, 27.14395013648509], [85.5423227266914, 27.144539651450327], [85.54224988998253, 27.146237686182065], [85.53665513377608, 27.148859613505888], [85.53316520335103, 27.1464678939849], [85.53105383668367, 27.141209639801552], [85.52809505341568, 27.14040710146142], [85.51596272622417, 27.142663892917547], [85.5125961191782, 27.141978586616663], [85.50808130229271, 27.14375798047285], [85.50103673068146, 27.14355207326154], [85.49622531397709, 27.146019088167193], [85.49122393345019, 27.15409010216911], [85.4895203337028, 27.154613527129545], [85.49314682978877, 27.162186662363546], [85.50395800887354, 27.163460785227844], [85.50334954022898, 27.165870435892383], [85.49956275067841, 27.167706961317755], [85.50338733778895, 27.17258915031892], [85.50094303151982, 27.17578232657028], [85.49518526838642, 27.173679483952288], [85.49405630440734, 27.169923987141257], [85.486202572162, 27.164417101884805], [85.47226889146121, 27.16189972664003], [85.46941475051135, 27.1626425515592], [85.4668520795628, 27.166154884558136], [85.4572144090791, 27.166147043192243], [85.45292461388087, 27.168429520928548], [85.45335412030389, 27.177735574995694], [85.44948376114098, 27.18046026903732], [85.45017204357296, 27.183697304760273], [85.44810369021573, 27.18678905806377], [85.43656800917078, 27.18734769777482], [85.43368932441055, 27.190438564114892], [85.42663163649021, 27.193107212893185], [85.41828035601449, 27.190135092551998], [85.40928008927304, 27.197002899008034], [85.40351479671382, 27.196381674816703], [85.3972853397591, 27.19767570951385], [85.39612680472932, 27.200782539014803], [85.3972718572101, 27.20621038558188], [85.39348645835939, 27.210423949223113], [85.38516417577434, 27.20743158345278], [85.37659333415964, 27.212102528581166], [85.37281593403415, 27.210052776770603], [85.36937759840514, 27.211988236097056], [85.36255829140718, 27.2127789313209], [85.3596514632508, 27.210806060665167], [85.34874948217438, 27.22218487036409], [85.33760861892436, 27.219825779422802], [85.33281587352164, 27.223016479154758], [85.31741206558492, 27.227236607361164], [85.30739547941599, 27.23184034854431], [85.30403920920352, 27.22993146522732], [85.29302772230052, 27.232925835189395], [85.28874382247538, 27.23115148712155], [85.28063176353668, 27.23122360223223], [85.2795375173411, 27.22877905090735], [85.27194925569273, 27.22929251006687], [85.26737673142118, 27.22628601845345], [85.26191263004796, 27.2266602109813], [85.2577936210184, 27.22922410355019], [85.25809460585495, 27.234216350807714], [85.25340508129881, 27.238267476510465], [85.25152094437288, 27.244982659080513], [85.24245106219465, 27.24879961184059], [85.23667396982151, 27.247691056808858], [85.23179782225182, 27.243400111268542], [85.22471408799595, 27.24549949911956], [85.21992918516466, 27.24403192803396], [85.21519637683608, 27.246816543143463], [85.20840280057308, 27.24539531104156], [85.20673964877412, 27.248349395829102], [85.20245436207219, 27.250256594416438], [85.19959894570485, 27.249218454750693], [85.19791810473433, 27.246065272622232], [85.1929021604824, 27.24509509159326], [85.17914346830307, 27.248462697448232], [85.17730499788334, 27.249646875515467], [85.18096004431575, 27.254590802957097], [85.17504559081365, 27.253654668706428], [85.17095154439153, 27.254792252142114], [85.16770286492431, 27.26019571793097], [85.1559950553724, 27.26214067050502], [85.15179478682826, 27.265758030731618], [85.15107063944143, 27.26861801371598], [85.14527868990088, 27.272977032405784], [85.14478355733335, 27.282989192808277], [85.13937877822431, 27.28566855465781], [85.13674928389777, 27.29024060431584], [85.1266376308545, 27.29263041845304], [85.12553410819388, 27.301147201562483], [85.1208804500336, 27.302177285731293], [85.11902051449988, 27.314397851515274], [85.11679573783782, 27.31791718852582], [85.1039190768953, 27.32024858802818], [85.10323141866019, 27.32331555381426], [85.09448118496232, 27.333403886791935], [85.09209230294957, 27.340202304713355], [85.09309775202276, 27.3486278787195], [85.09230690583296, 27.352426588254147], [85.09063117045346, 27.353400787525715], [85.09134032647405, 27.35659444994587], [85.08806685095878, 27.35821512803933], [85.08656674059215, 27.361143967138286], [85.0708170658224, 27.364415237933585], [85.06942325042237, 27.36432659780797], [85.06971843481654, 27.36249689126854], [85.06731616794865, 27.360417103425398], [85.06549405220636, 27.36263750083473], [85.06147750038687, 27.360450320084887], [85.05975658277738, 27.36143801644918], [85.06006737868847, 27.36335791249531], [85.05617572103962, 27.365675143496595], [85.05237639717477, 27.36320630444496], [85.04478136628637, 27.36162988752869], [85.04304183397615, 27.359095774912547], [85.03998473327196, 27.359346391180924], [85.03648841898261, 27.35740276096642], [85.03195358067855, 27.360558843795943], [85.02456303035311, 27.358704580152388], [85.02096066840045, 27.356743260915017], [85.0214960656388, 27.352100686013646], [85.01320440505151, 27.355407696155954], [85.00397829837881, 27.35287071587038], [85.00091864461383, 27.355776095507203], [85.00064130619404, 27.362099898857792], [84.99888040749687, 27.36559149641825], [84.99482425666534, 27.365491878419757], [84.98832587687029, 27.361709302812447], [84.98153463716876, 27.36220615038277], [84.97745841987077, 27.356136317833773], [84.97191348402316, 27.35514844406827], [84.96558256388114, 27.358572224859124], [84.96419370784481, 27.36370780602877], [84.95676777810324, 27.359181095741754], [84.95378481338794, 27.361482529712877], [84.95629649013473, 27.36426075732734], [84.95179096749303, 27.367012502005117], [84.94941656128334, 27.362324510647664], [84.94495456617894, 27.360243001010158], [84.94543633427048, 27.36244174961448], [84.94098265698196, 27.363207361076675], [84.94088499409182, 27.365784628655856], [84.93587489109709, 27.366508672111422], [84.93340144161247, 27.364627802786625], [84.93095680356636, 27.36578122407525], [84.92623595715999, 27.36423328767087], [84.92173236390083, 27.370670703221332], [84.91415144640204, 27.372816579009687], [84.90845786151522, 27.377264591108464], [84.90081947577707, 27.374985738591025], [84.89782466244178, 27.379294055525005], [84.89670156323635, 27.38552160473425], [84.891321425608, 27.387302359788976], [84.88989132446251, 27.38933534313583], [84.88185109789443, 27.388077767914158], [84.87852974747459, 27.393267688611306], [84.87876847182304, 27.39612249839479], [84.87672808586662, 27.397669640718735], [84.87151074309119, 27.39928841386784], [84.86409833000275, 27.397001626885817], [84.85189416101605, 27.398574794888955], [84.85109896444013, 27.404412009966794], [84.84428377920383, 27.411923728641494], [84.84087741362929, 27.4120548516137], [84.84039898573411, 27.41481028396598], [84.83770953735957, 27.414386529928095], [84.83370481346628, 27.417747477819972], [84.82976492472083, 27.41628411052114], [84.82527613927563, 27.419622865844488], [84.81567073131393, 27.419067952593217], [84.81012639930472, 27.415986705488983], [84.8092436615661, 27.424524863608568], [84.79986641522227, 27.430163148265642], [84.79718116979923, 27.435279835143522], [84.79094413353681, 27.437758827316305], [84.78004600016375, 27.435094771475782], [84.77444191774558, 27.438830724758912], [84.77028452873026, 27.43891021483122], [84.76835569430177, 27.437091036086006], [84.75832882196526, 27.43759045907897], [84.75531513178747, 27.435727392416766], [84.74878001901082, 27.437757170472533], [84.74332215614172, 27.44207544882893], [84.73945382355683, 27.440489655038203], [84.73812852504419, 27.4423692786511], [84.73450613392757, 27.442115433108135], [84.73469487889355, 27.444269179646888], [84.72607332366877, 27.444686633113356], [84.72080977913934, 27.43774442472099], [84.71893315367403, 27.431265165356642], [84.7049192231922, 27.433026664635406], [84.70075098198019, 27.431966945124035], [84.69060631141504, 27.432529736255393], [84.68085796466266, 27.429899571372715], [84.67070501110963, 27.42908461231137], [84.6627596739742, 27.429745367976214], [84.66173555741155, 27.43303761842403], [84.65644157629997, 27.432690317699155], [84.64766405710076, 27.429141688688386], [84.64351327362677, 27.436631389724514], [84.64297934618213, 27.442915315930804], [84.63974592934561, 27.444538870065294], [84.63494125410186, 27.44447736431335], [84.6282808239144, 27.450877061329468], [84.62286243686161, 27.449789013381107], [84.62178209938571, 27.451973362398228], [84.61002959074314, 27.452052360804], [84.6068275333232, 27.454324920132045], [84.60127326679064, 27.45114961979872], [84.59737603017862, 27.4544650736874], [84.59105476508846, 27.453253335105135], [84.58477165873582, 27.45649276005227], [84.58243659358764, 27.456500285381512], [84.58189945448296, 27.45439290453535], [84.57585757494778, 27.453982598318397], [84.57308547235259, 27.458860804083645], [84.56783251001991, 27.460540635148245], [84.56526848562906, 27.46316161001672], [84.56165334151973, 27.463036315612428], [84.55778643367441, 27.458882254570508], [84.5560348077687, 27.441849946765664], [84.55130858487261, 27.43720722839555], [84.54781774842156, 27.426763051430633], [84.54835690855907, 27.418031281395734], [84.54343512390106, 27.417971648160425], [84.54172132007149, 27.419505796979088], [84.53877985688459, 27.41838454057671], [84.53668900191676, 27.415407525005314], [84.53248601497268, 27.414424110875114], [84.53436424351025, 27.412397572803314], [84.54496232466221, 27.40999420143527], [84.54623600331144, 27.408222568171674], [84.54587382366003, 27.403842205165503], [84.53745856092686, 27.403843325909286], [84.53472914836259, 27.401800592566513], [84.53553865887942, 27.392472193040064], [84.53966823874816, 27.385919782961786], [84.53249128797587, 27.384002407144216], [84.53045386318148, 27.381054390714315], [84.51987320440654, 27.384090581878105], [84.51166106931339, 27.38260477660056], [84.5099618287449, 27.380801349595554], [84.50408197532991, 27.38117922666935], [84.50172200055523, 27.37659391347588], [84.49534384236802, 27.376695619798912], [84.49263295995817, 27.372943978372593], [84.48780531574576, 27.371424353101464], [84.48389024690363, 27.366142392760633], [84.48589106492621, 27.358590289651605], [84.51455306992293, 27.35290773703123], [84.52080716515947, 27.353723947423784], [84.53360435278178, 27.350185086052853], [84.5650376842919, 27.347597550106187], [84.58648753152346, 27.341367501501665], [84.60160033312879, 27.338758092859322], [84.60776676984376, 27.335450733413307], [84.61842175176687, 27.33787918041162], [84.62237494645962, 27.336367938828975], [84.64801786196134, 27.297923593388592], [84.68194468706882, 27.236704352222375], [84.68570190027373, 27.229066468042006], [84.68524138643198, 27.226503253473524], [84.68704800721655, 27.224050813873095], [84.68956887217023, 27.223548834623255], [84.6909733506003, 27.215044617628116], [84.68767165941729, 27.215144307891308], [84.68682386801582, 27.213341206269625], [84.68471133874104, 27.213085258681286], [84.68728913726433, 27.209151151529024], [84.68054275265365, 27.200725115033055], [84.6835699936508, 27.19664446382647], [84.68189705969573, 27.18846216942538], [84.67924189968471, 27.185722311824804], [84.68158821250306, 27.185909519124753], [84.6813812228382, 27.183514293294007], [84.68381638650617, 27.184296634704662], [84.68358064686416, 27.182149761200076], [84.68539268102178, 27.180888651896957], [84.68150377209462, 27.18010884891929], [84.68370408470197, 27.177979448270673], [84.67527570629055, 27.17096925807706], [84.67610493452328, 27.169685886638366], [84.679870613076, 27.17029270216862], [84.68091769041446, 27.168861596292587], [84.67737438944718, 27.166538937691502], [84.67693646038929, 27.16262178042423], [84.68152398020707, 27.159339207514858], [84.68436245181442, 27.160900298447554], [84.68676236677005, 27.15858035583731], [84.68233840744062, 27.154301358676065], [84.68247135700223, 27.152732501051165], [84.68037620841156, 27.152052278736573], [84.68323687086793, 27.150030191515498], [84.6835784475804, 27.14368145259471], [84.67737577437357, 27.13341808730603], [84.67919342188345, 27.13277979726226], [84.67782435549867, 27.129383829944388], [84.67891112354053, 27.127485454361526], [84.6752696683654, 27.12087386370987], [84.67701596907581, 27.119202539910194], [84.67699211097853, 27.115245018370953], [84.67266101563777, 27.11411955262307], [84.66991157321516, 27.11045933873658], [84.67101280173968, 27.10728395147935], [84.67482220826206, 27.108809123489173], [84.67370120112467, 27.10708151075649], [84.67558402515729, 27.1033021274449], [84.67465965178161, 27.09651721975425], [84.67383121091518, 27.095842017417713], [84.66993830388182, 27.09821168400267], [84.66758857714143, 27.093635681048813], [84.66479523709076, 27.09470041812822], [84.66447788182111, 27.092612537890947], [84.66686768289141, 27.093023162762286], [84.67035301167626, 27.09101870826362], [84.6665197757169, 27.09056537711153], [84.66605870355416, 27.087735872944414], [84.66323673343527, 27.08926319326133], [84.66480201881517, 27.08644884374244], [84.6629455048776, 27.086904399624963], [84.65781263823553, 27.082627828329183], [84.65516657852741, 27.08438663067972], [84.65413432221297, 27.081997453428194], [84.65835621930866, 27.081174466528754], [84.6582779458166, 27.079644977020017], [84.65301680582391, 27.08077742038217], [84.65309129181877, 27.07774675537038], [84.64965756459976, 27.07732267779351], [84.64868761592349, 27.07478195303148], [84.64757710229757, 27.0766192718675], [84.64632816077551, 27.07563221499878], [84.64742678773077, 27.071184317269736], [84.64347228313603, 27.06603765478082], [84.64533070117113, 27.063989365184632], [84.64297834216886, 27.059742333750386], [84.64576968265644, 27.058669035261715], [84.64461256733634, 27.056298354407218], [84.64633805776761, 27.051421191476855], [84.64323890982878, 27.05107661195959], [84.64441773000712, 27.04910368120549], [84.64276220921218, 27.048578702840967], [84.64278324460751, 27.046520825000986], [84.67991937165704, 27.032289038245253], [84.70143688713266, 27.027070521285886], [84.70960041673493, 27.021512767383165], [84.71405939074049, 27.021544456821157], [84.72139612511292, 27.01437908473437], [84.72761019718666, 27.01356425264339], [84.7296740215899, 27.01501790353146], [84.75676224879277, 27.00289815134244], [84.76057270271521, 27.0052151900911], [84.76471138337054, 27.013020120249664], [84.77307681369453, 27.01787975213258], [84.7826429374471, 27.014203227184744], [84.78422728303549, 27.00808648423812], [84.78581845497223, 27.011037933395514], [84.7867979274147, 27.008981443915278], [84.78879691399479, 27.0089928486312], [84.78630737830568, 26.998577927399854], [84.78844165458305, 26.998877246502815], [84.78950123492041, 26.997215223031436], [84.79092275050967, 26.999682461818434], [84.79197376711811, 26.998065497198965], [84.79057958757355, 26.997443844214796], [84.79357597442015, 26.99586103144776], [84.79712290916034, 27.004225652918027], [84.79907422693176, 27.00356467888901], [84.80026299876165, 27.00078269531101], [84.80137147056487, 27.00444751048344], [84.80831411643605, 27.007842002546585], [84.80692216665877, 27.008260630780427], [84.8067580177045, 27.01058335906739], [84.80811862050375, 27.012202359594838], [84.80986185265752, 27.010969434411418], [84.81090128445172, 27.013905688497392], [84.81012023893719, 27.015121880980885], [84.80759109689367, 27.013820957088576], [84.80693066627911, 27.014736303266947], [84.8090533816857, 27.01828464441023], [84.81060261323307, 27.01836147341442], [84.81089086616421, 27.016232043815076], [84.81243098245376, 27.01591634569563], [84.81205762420606, 27.020832776358816], [84.81346942574565, 27.018259214691454], [84.81675256766367, 27.02085303387987], [84.82558752724151, 27.020968471745675], [84.8384634018348, 27.01411884426041], [84.85469944012742, 27.00827211620862], [84.85534862416293, 27.007259591518835], [84.85285872395045, 27.006112718354707], [84.8512199349161, 27.003083338193353], [84.85264514610562, 27.001847282401048], [84.85183954768843, 26.9994784811833], [84.85010498308371, 26.99843298464154], [84.85780942005537, 26.99775903961444], [84.85768053524423, 26.992651492986383], [84.8548869040442, 26.99259170421137], [84.85737380071272, 26.99072190927597], [84.85537067410917, 26.98828822132937], [84.8560851745209, 26.986600631792943], [84.85901930194636, 26.9891730737413], [84.8588657812133, 26.9880254856747], [84.8647707637445, 26.984250725282966], [84.86761490970603, 26.98319967586631], [84.86904358078304, 26.984028062082416], [84.86895386549027, 26.982837291834944], [84.87147886195072, 26.98196878322601], [84.88856913706188, 26.97756600157838], [84.89144934228499, 26.96986954391201], [84.89284810104672, 26.96962158761843], [84.89208008774355, 26.972340771457894], [84.89562467188193, 26.972992893129035], [84.89941954342815, 26.9698888533663], [84.90994632050497, 26.96802980677084], [84.91724871488013, 26.969020456485836], [84.92403628713784, 26.967617748500516], [84.92941786975683, 26.96873535726165], [84.95334033543736, 26.959780525535475], [84.95664849931445, 26.961080336069408], [84.96232195169003, 26.960540848105964], [84.9634520882783, 26.95871902687559], [84.96589277407928, 26.958370658760405], [84.96580144542538, 26.95659331561401], [84.97827618122628, 26.94034314297151], [84.9748210243227, 26.939624778316738], [84.97821289982153, 26.93592797301672], [84.97658906286864, 26.932117037049203], [84.97382598932961, 26.932000754547822], [84.97017627731191, 26.92903627383034], [84.97190304136659, 26.926235612880014], [84.96941526655957, 26.925034306239457], [84.97186769001966, 26.92203686103265], [84.97018556658628, 26.920405792125475], [84.97068868848888, 26.917137403798094], [84.9676228584134, 26.916310116917206], [84.99952011893339, 26.91223185045162], [85.00175712115278, 26.90989203034816], [85.00064083139112, 26.906601243793663], [85.0022124975069, 26.90346054658834], [84.99583777289921, 26.906687036633272], [84.99314914596758, 26.905663584978804], [84.99273412769747, 26.902958944162958], [85.00388481428443, 26.895145437202686], [85.02253092772318, 26.891819023514035], [85.05319751468049, 26.889107303362962], [85.05119218065374, 26.887630840443922], [85.05176507107123, 26.886252534904393], [85.05429534885117, 26.887021067936622], [85.05867292937673, 26.885393155787824], [85.06024237919725, 26.88699685063249], [85.05519021214027, 26.881500010721137], [85.05384682505218, 26.8847838848663], [85.05065677431895, 26.88327115773954], [85.04837728412564, 26.885266819853076], [85.04983714805178, 26.882388223492274], [85.05211503029692, 26.882675920341665], [85.05223772938544, 26.881321230689924], [85.04590555031398, 26.878620059373237], [85.04314532874602, 26.879712169369782], [85.04136841744862, 26.87752314937045], [85.0416961171357, 26.874639410838753], [85.03745460667021, 26.878136346033457], [85.03611152765103, 26.87515659008825], [85.0292846090474, 26.87532828078757], [85.02790669258226, 26.870690297741064], [85.0301775762101, 26.86774284403125], [85.0266110041477, 26.866577455267077], [85.02736297663034, 26.86293710355524], [85.02890584517908, 26.862461043821042], [85.0287627357288, 26.859364192882545], [85.02246767991937, 26.856542096060362], [85.02202551908032, 26.85492973152142], [85.0574193563679, 26.84922278825299], [85.05792203160802, 26.856145868845342], [85.06078838424371, 26.853971856604524], [85.06249000365592, 26.855635548216068], [85.06093068554769, 26.856818230868253], [85.06271073685114, 26.85826463100704], [85.06250911092641, 26.856474723938213], [85.06466081911158, 26.85690303133663], [85.06157334529061, 26.853914061944327], [85.06395848712891, 26.849721971542134], [85.06589895781349, 26.851043134317635], [85.06645845138257, 26.854042063532106], [85.07609234100087, 26.85577180970029], [85.07642752259828, 26.857032765867938], [85.07822893277883, 26.855859336174618], [85.07679420530349, 26.857970875213205], [85.07828049312906, 26.85885075815873], [85.07993307005188, 26.856581860497165], [85.08153241051261, 26.85717883234805], [85.08113224385822, 26.855638587980565], [85.08345573088184, 26.85666771970746], [85.08368288080503, 26.853838849602166], [85.08721862198128, 26.852940797444553], [85.08743825690213, 26.85414169416436], [85.08435663495933, 26.85551239939061], [85.0874517656365, 26.856801770019327], [85.08703702228381, 26.85927110714417], [85.08936108628512, 26.859625548847053], [85.08570171956694, 26.864592675463147], [85.08670315894764, 26.86743918810107], [85.08904004076223, 26.8674053525146], [85.09028396734543, 26.86916477853957], [85.09609911855048, 26.867113926416806], [85.09950284378678, 26.87113074752401], [85.10956340140888, 26.870948295647423], [85.11115360031553, 26.87251068162218], [85.12343613285533, 26.871474965371103], [85.13416604470137, 26.867846955299772], [85.14001996113745, 26.871197811068253], [85.1672415644637, 26.86855016006248], [85.18987268716383, 26.87014612180898], [85.19259233473623, 26.8667862128481], [85.19284218628877, 26.863022925976697], [85.19070152672712, 26.84718186306484], [85.1927374831543, 26.838882068816467], [85.19118158514706, 26.83128259406331], [85.18487533630125, 26.822342100944958], [85.17700956990186, 26.81520129971429], [85.17676008382837, 26.80973190622058], [85.18244182285562, 26.80090771508056], [85.17950712991193, 26.798427702267446], [85.18035563237049, 26.79581244757365], [85.18689266375748, 26.79510348764507], [85.18661203087335, 26.79096560036875], [85.19337515044741, 26.79062898495763], [85.19482358122328, 26.784409810295283], [85.19165472790897, 26.78218701992925], [85.19713530778017, 26.769995311907795], [85.20050676141418, 26.768928959168473], [85.20590300866921, 26.761570571020677], [85.21178374589246, 26.75795323368656], [85.23145670738256, 26.76230971824224], [85.24023475065702, 26.76195344928836], [85.25146195564014, 26.759300673355302], [85.26030543777807, 26.755280668299566], [85.30667023308389, 26.752252663523887], [85.3192607716037, 26.74906989349021], [85.32284488189237, 26.744927941794096], [85.33452073062902, 26.74158535959817], [85.35529732959222, 26.76032902661769], [85.36160613584558, 26.763154187855818], [85.36361398790079, 26.760443272676625], [85.36938464981849, 26.758307427922336], [85.37524452197205, 26.76072118161754], [85.38422914242662, 26.77422037775152], [85.39239848679141, 26.77546914726497], [85.39777590773576, 26.778559020590293], [85.40277285515612, 26.782938460686434], [85.40771248087519, 26.791293611670188], [85.41781179957849, 26.790446097717517], [85.4254856333474, 26.7859763642697], [85.42974068652471, 26.78666218296328], [85.43258087135678, 26.790175604771537], [85.45200406336947, 26.78134813275185], [85.4547395056943, 26.781929249703627], [85.464223438128, 26.78895858977172], [85.46546004472616, 26.788018567666956], [85.47331203735024, 26.790102882849133], [85.47760130286674, 26.792524111611428], [85.47980613185234, 26.80241214692733], [85.49585726063196, 26.797061250251712], [85.49692457149654, 26.79955873407176], [85.49548697311342, 26.80146222960803], [85.4979683960896, 26.80783701753377], [85.49678564666023, 26.80936973694232], [85.49887890841873, 26.810638971865092], [85.49775527741514, 26.81211251044967], [85.5074903453917, 26.816867056442355], [85.51980278046376, 26.814471839920763], [85.54298876859401, 26.838442211983324], [85.55340304859884, 26.83437530174051], [85.55763811317959, 26.844074697336026], [85.5657043678523, 26.841009472951622], [85.57205890548991, 26.856995096659272], [85.57532795739928, 26.86110947153867], [85.5781661789244, 26.859592588418355], [85.57817448972594, 26.856436368161013], [85.58014860788543, 26.856402090840472], [85.58175004114533, 26.85861110782131], [85.5837601618699, 26.858211613440524], [85.58636655510708, 26.852665084558367], [85.58476505883746, 26.85045606655241], [85.58518063130259, 26.847249795207762], [85.60692195877085, 26.85731593940121], [85.62346671625652, 26.87364100916794], [85.63440224841861, 26.872287367963377], [85.64236033641447, 26.85329280320167], [85.67940242985627, 26.843752494209674], [85.70427634119623, 26.832259412405833], [85.72069967718899, 26.820604396585644], [85.7287054419915, 26.808183873430284], [85.72855562902352, 26.802873653643577], [85.73443356243727, 26.795929737551024], [85.73500898119431, 26.777508249505726], [85.72872510186458, 26.75005913726476], [85.73408365231926, 26.737501458146774], [85.72986576155014, 26.73460283331063], [85.73142294949294, 26.730672831573894], [85.72824538242024, 26.729791545274452], [85.7294994342673, 26.725245154080252], [85.72805281362956, 26.725130641913065], [85.72599796922024, 26.721371377917254], [85.72787960536584, 26.717859468396504], [85.72489634614995, 26.70969220475698], [85.72640727336076, 26.70654925662579], [85.72448815213254, 26.7032897626155], [85.72492458922183, 26.700423773720924], [85.72353040930433, 26.699826867017727], [85.72530832560878, 26.69547927850019], [85.72335487690461, 26.686892443271415], [85.72537558399021, 26.685229684542186], [85.72363197763119, 26.683129279960255], [85.72489345860811, 26.682084704446293], [85.72354216503366, 26.674304244576962], [85.72653540715389, 26.673893391923098], [85.72544549363192, 26.67047217640221], [85.72881949445421, 26.667075155427316], [85.73082566180422, 26.667505961629942], [85.73002823890303, 26.665700608159124], [85.73646499472717, 26.66400936082738], [85.73493844692067, 26.65758802797623], [85.73223533980133, 26.655587474099562], [85.7323111766189, 26.653841754364137], [85.73536486794963, 26.65247461104003], [85.73417218619075, 26.650591259068147], [85.73599624706809, 26.651288913802475], [85.74833862853939, 26.639002133047445], [85.75968807543286, 26.636290241633713], [85.76929382244302, 26.629997452060984], [85.80139668109095, 26.62433977953788], [85.80332949021795, 26.61498788510965], [85.81751319370683, 26.602813998539926], [85.8306221303158, 26.601697121194924], [85.83120461139133, 26.611365778531628], [85.85099558543583, 26.608580156309767], [85.85776801013597, 26.589988277612907], [85.84833362646307, 26.57692927671901], [85.84913280674056, 26.56892793129661], [85.85205155581379, 26.56868749951816], [85.85325285892911, 26.570703091380487], [85.85685392327265, 26.572103901082006], [85.8585302674438, 26.568953892517893], [85.86821269685662, 26.575001517151083], [85.87062935004852, 26.579689080343016], [85.87270103714245, 26.578721761978017], [85.8785523370231, 26.58182083354343], [85.87950236019873, 26.583868042595842], [85.88546011293086, 26.58237595825386], [85.88778366745592, 26.583247044091554], [85.8916998688824, 26.594484930685375], [85.89643295362882, 26.59377938137489], [85.90069268369842, 26.59509395950919], [85.90039380375059, 26.600434671289563], [85.90634927481649, 26.603634985805233], [85.91306869173411, 26.60461382139952], [85.91391530614514, 26.608961640159816], [85.92716031346843, 26.609711850730392], [85.92639881106771, 26.611691664008585], [85.9290787213468, 26.614290978516312], [85.92854130869118, 26.616570394025715], [85.93273907126212, 26.61357610084568], [85.93804001276935, 26.616269324628743], [85.94031752537441, 26.613298810212832], [85.94799433086324, 26.6135610997068], [85.94614848017329, 26.621246267874593], [85.9494606651322, 26.62477938545942], [85.95159064420936, 26.62438670464256], [85.95555556406673, 26.630650280340294], [85.95244933155222, 26.637493564024872], [85.9539779049225, 26.63944304212277], [85.95333083686455, 26.643937510633958], [85.95650069024254, 26.64930621414793], [85.95905960463224, 26.649394872950975], [85.9601901665233, 26.651411338669256], [85.96308118077212, 26.650597582397285], [85.96506987412369, 26.65294065830689], [85.96762774743947, 26.65199803298268], [85.97009223617277, 26.655161356376638], [85.97319433773136, 26.65490174274875], [85.97589847877235, 26.65828323883662], [85.99981167644206, 26.65496517081466], [86.00587273300559, 26.656345773035508], [86.00981951614484, 26.653974733276705], [86.012755980498, 26.65846057403783], [86.01186426039321, 26.659618707465278], [86.01874476950198, 26.661175869594437], [86.02802181935095, 26.666819711925765], [86.05287639724101, 26.66033793913419], [86.06798753862226, 26.657930961356602], [86.0699197420083, 26.657027509540676], [86.0739504263623, 26.649783651344414], [86.10074100247581, 26.63713920219768], [86.11938759031636, 26.630091629085967], [86.13845731454741, 26.62899666233196], [86.14092768015863, 26.61671847102101], [86.1392419057337, 26.616426219062973], [86.13603589795271, 26.60660015575269], [86.14246915338498, 26.605095705603173], [86.14577639821407, 26.608755251019485], [86.15507116215247, 26.609995419536684], [86.16132012205814, 26.614965023110884], [86.16769174056822, 26.61439767770916], [86.17155518058779, 26.61718443313169], [86.17381507568011, 26.614015935935907], [86.175972514543, 26.615495154323728], [86.18247614077043, 26.61375685214661], [86.18855856615066, 26.615296691806297], [86.19225390997944, 26.614749112768774], [86.19392081318962, 26.611886079947272], [86.19020167229097, 26.611901079425728], [86.19545694011204, 26.60810612457764], [86.1965759364245, 26.601130881230507], [86.19500313314636, 26.598434530390964], [86.19672166971147, 26.59792522843585], [86.19564856763738, 26.594428392173462], [86.1979462869874, 26.593516198155505], [86.20063711193336, 26.59723197880138], [86.20160310430951, 26.59447323719668], [86.20537469303213, 26.596689979413867], [86.20818565327754, 26.592993600585256], [86.21251047242168, 26.592586644548856], [86.21728556007295, 26.588492582986856], [86.22374190914593, 26.591402746565002], [86.2268898300606, 26.590530812053238], [86.22882698195981, 26.592193072890534], [86.23072524767957, 26.591512851950736], [86.23133032393505, 26.593129531847953], [86.23442053024749, 26.59084228378238], [86.23452380784309, 26.597998156617166], [86.23703964084179, 26.59934295491068], [86.23731237119424, 26.601652881394237], [86.24001764974508, 26.60136951391663], [86.24019558298691, 26.603505078160072], [86.24320489270622, 26.60284199908044], [86.24240312245246, 26.60586134548404], [86.24438960405243, 26.606338961282358], [86.24386875486643, 26.608346776215804], [86.24491809690775, 26.60944001044326], [86.24608317138275, 26.607571005943463], [86.24839740876541, 26.608711506898114], [86.24778278876236, 26.61238411095148], [86.25215980879993, 26.617132327857217], [86.2532748351736, 26.61485454748489], [86.27563137241712, 26.61739363075699], [86.29287546092, 26.613319337065715], [86.30786062228552, 26.62004974277366], [86.32938102006487, 26.61951420956136], [86.34433293598454, 26.617083671179483], [86.34220382829754, 26.61152281133649], [86.3407108867209, 26.612003307356566], [86.33896849637428, 26.608599077481767], [86.34091148240677, 26.606071831700564], [86.35648099297507, 26.604290496539914], [86.39690639145718, 26.59360004499289], [86.39699722254869, 26.5890850678461], [86.3949768154616, 26.58519075108943], [86.43044339092691, 26.5729981602286], [86.45549129692216, 26.568158752133805], [86.4973012694779, 26.542370836040273], [86.51572212791415, 26.539268540645534], [86.5207092146564, 26.543008797167367], [86.52386173205181, 26.543540677253063], [86.54184018669841, 26.538538042402276], [86.55055509854563, 26.530369840974217], [86.55094666540882, 26.524677659231514], [86.55195436936579, 26.523572834884884], [86.55443159597753, 26.52428012737847], [86.5552570315095, 26.522213384248634], [86.55458943037902, 26.516208774074848], [86.56137705790485, 26.509676646796013], [86.56442552756695, 26.501088262946773], [86.57043218636389, 26.498003633570903], [86.57026929965632, 26.496545445526284], [86.58861217060591, 26.493474022538877], [86.61157216248937, 26.485674027064015], [86.61378409629832, 26.487126562022333], [86.61523058003587, 26.48483322499368], [86.6185401124467, 26.483675443820545], [86.62060607847766, 26.48443916163407], [86.62159244323013, 26.48179465960847], [86.6260123278393, 26.48076838655852], [86.62701133651213, 26.47708360075485], [86.62807947077069, 26.47902026120961], [86.62935719899563, 26.478100675113307], [86.62613598196073, 26.46955774356888], [86.6298589346908, 26.46961255221281], [86.62744348788505, 26.467065296562282], [86.62985618430584, 26.466654122997117], [86.63021190751024, 26.468713135823524], [86.63337351953795, 26.464593862232878], [86.63444265972697, 26.466239423208005], [86.63716567773119, 26.466415641474892], [86.64002386968346, 26.46343057556373], [86.69028185711969, 26.450965321933467], [86.6933665762579, 26.451242787554932], [86.69607108547113, 26.448930973163083], [86.69549481080064, 26.444759452156877], [86.6985477666714, 26.44284104720812], [86.6998111522189, 26.437425478843604], [86.72013994280155, 26.434934726594754], [86.72506948545079, 26.4262291323286], [86.72727085340193, 26.424863538710007], [86.72862744812514, 26.426856511410673], [86.73040279554017, 26.426106107872247], [86.72972414607807, 26.422516785057482], [86.7328172047877, 26.424456542658586], [86.73706592528113, 26.423430891825557], [86.73798488229748, 26.42578170091573], [86.74073511194422, 26.424617786937574], [86.74703383809714, 26.428575985258295], [86.74709759990266, 26.433669353313412], [86.74398453731331, 26.43502455742088], [86.74725427602158, 26.436244568939536], [86.75002161976478, 26.44145772207205], [86.75306290062328, 26.442074531471125], [86.75354255872402, 26.446527775413017], [86.76024971676554, 26.448177495433978], [86.76040587468012, 26.4516258837192], [86.76412877501087, 26.4512891010032], [86.7641765770655, 26.45444395110658], [86.76254338325745, 26.455910357373696], [86.76628601298502, 26.459364681684594], [86.76911164498121, 26.459491156362617], [86.8044570243744, 26.446385273060223], [86.833429420989, 26.43908565111789], [86.83505648069308, 26.44111625134495], [86.83699012394409, 26.44021579974551], [86.83793407648551, 26.44261348134575], [86.84013580650412, 26.441880270691254], [86.8394313009402, 26.44053450127896], [86.84290910477343, 26.440319454999614], [86.84461745927112, 26.442668277837928], [86.84703552597793, 26.442427152889127], [86.84537582311947, 26.44447894556783], [86.84591411050611, 26.448295496380496], [86.85604766702893, 26.448549834047416], [86.85997799627627, 26.45625797656012], [86.86185243722313, 26.456456116073866], [86.86095440402653, 26.457628686418577], [86.86524753409041, 26.457657631778616], [86.86486950264094, 26.455578931904537], [86.86666212942296, 26.45633883397646], [86.86650049264047, 26.45489439437973], [86.86894662184824, 26.45445659914899], [86.8707927334727, 26.455609217841438], [86.87294823649472, 26.454114946944486], [86.87599612086412, 26.455674737504367], [86.87519074507453, 26.457684673295585], [86.8792892257702, 26.45712404189053], [86.88396956631584, 26.459650900767606], [86.88453983138588, 26.461416069310502], [86.89396028269162, 26.462134228780563], [86.89515364263448, 26.467393101830087], [86.89448475472962, 26.4691821222097], [86.89229859775814, 26.469241454836553], [86.89366529892413, 26.472133225528534], [86.89243964192035, 26.472267692931357], [86.89344566763383, 26.473739831470933], [86.8921775405466, 26.475711199709426], [86.89351147849678, 26.47643428524997], [86.89175495614302, 26.476433004473265], [86.89263811712745, 26.478173555470363], [86.8901431134887, 26.481836443059226], [86.891623331004, 26.48615002843418], [86.89397870622402, 26.486508350224792], [86.89318797023658, 26.487719605951042], [86.9040949814481, 26.48835242339644], [86.9070043599762, 26.491035238603093], [86.90675926468059, 26.494079281507627], [86.90965961231745, 26.495338095962673], [86.91086637571804, 26.499195466545615], [86.91624512991382, 26.501462173220634], [86.91785998205508, 26.50452762094768], [86.91600583515432, 26.508049155650685], [86.91677076779393, 26.51247265819676], [86.92371701499098, 26.523261021027338], [86.93328986854763, 26.533619279306738], [86.95090519460818, 26.537297946969012], [86.95638825052167, 26.542424592756657], [86.9636362642656, 26.544638085379233], [86.9721294610428, 26.554196832463337], [86.97387783989085, 26.55809214797206], [86.99234039921106, 26.57212373817489], [86.99172520304307, 26.57626461465154], [86.98494702032964, 26.582122299226253], [86.98253911751422, 26.58635995040066], [86.98263694302, 26.591013107222583], [86.98940724661185, 26.606006725337043], [86.98688042271289, 26.61313287066485], [86.97884020792056, 26.625236361744502], [86.9856727330202, 26.629409739059092], [86.98480414958107, 26.632749368941607], [86.98872775040437, 26.636380556703532], [86.98852324010464, 26.641067580080605], [86.99108963682798, 26.644982968623207], [86.99111441032024, 26.649595503417196], [86.99490938415694, 26.654095299946174], [87.00189175727067, 26.655699842751737], [87.00236954905922, 26.659601447533728], [87.00626408745342, 26.666368921340272], [87.01339150297564, 26.67090870985332], [87.01076418792222, 26.684053575920448], [87.01459212198569, 26.690243037088656], [87.01320871172628, 26.700282697180516], [87.00957102443512, 26.70772748246296], [87.00999815140231, 26.71088665116522], [87.00710157135387, 26.708826593586], [87.00345167151744, 26.708754599906076], [87.00083228929682, 26.71034997698452], [87.0005313889204, 26.7075179698258], [86.99587046404444, 26.703061154755478], [86.99132692989737, 26.703002268570543], [86.99052138651743, 26.69822498606375], [86.98413865274841, 26.704030617597272], [86.98277928332467, 26.71497263672253], [86.97323812863526, 26.72166644682939], [86.9706791992995, 26.73099921097072], [86.96708568927187, 26.735701048992038], [86.9488298851341, 26.732202479088397], [86.94446268540995, 26.732986147213083], [86.93251007106011, 26.740730012692264], [86.92471950756598, 26.75015399040992], [86.92782286481518, 26.758428193300055], [86.92593582168651, 26.763165995340806], [86.9213232229643, 26.76657542992537], [86.91356742234628, 26.760489517205006], [86.90869458078465, 26.75929497515065], [86.90844058664615, 26.74884913683275], [86.91116142314063, 26.739946464208483], [86.90705260764197, 26.738732062064575], [86.90647943242372, 26.735807184652536], [86.90342232483572, 26.73597661627371], [86.90409063378512, 26.73209353119248], [86.90257885888292, 26.73074306161918], [86.90103541535825, 26.731633332060458], [86.90131748725258, 26.72944915238982], [86.89926988390481, 26.72922657473958], [86.89774190487945, 26.725772914275055], [86.89427750336289, 26.724712072802397], [86.8891957680731, 26.719741483336993], [86.88495173254493, 26.712108579628623], [86.88237677162186, 26.71127604645105], [86.87896436579165, 26.712967901642983], [86.87129323397359, 26.713157503537747], [86.86655935425313, 26.709932955104744], [86.86566816702863, 26.700653065289377], [86.86161741814485, 26.70177971117564], [86.85907184155481, 26.700420973696794], [86.85851334195385, 26.69792918155128], [86.85074925549644, 26.696454428959232], [86.85116733204606, 26.69325502854697], [86.84825568912116, 26.691322586122972], [86.84620184070302, 26.69373490155339], [86.84369280369384, 26.69320865477426], [86.84204619808892, 26.690586981419244], [86.84045994040187, 26.691799223042974], [86.84182143072324, 26.695756524436266], [86.83755756060903, 26.709855340480715], [86.82391504862944, 26.71434090188333], [86.8187542631787, 26.70933162795798], [86.81543862433544, 26.709688415023226], [86.81427800337964, 26.7077868119521], [86.80842780087009, 26.708943423609178], [86.80628649612673, 26.712812796702075], [86.79995607151871, 26.71267313786465], [86.7838362135995, 26.704552950021164], [86.78140302813756, 26.701694659218653], [86.7757967981551, 26.702658480126644], [86.7719005715868, 26.698908617618578], [86.76855874764935, 26.699246218078095], [86.76413709766604, 26.695053010539176], [86.75993019988599, 26.695402470262426], [86.75314052492564, 26.68630590350896], [86.75314770972976, 26.695232869692102], [86.74872709951448, 26.698059421539615], [86.74671338448043, 26.696954610188076], [86.74588768978892, 26.699419567917573], [86.74228317002188, 26.701845667769383], [86.74205650719065, 26.705036009031545], [86.739495884827, 26.70589564005197], [86.74000023372955, 26.70990423493838], [86.73695095378181, 26.71233340692279], [86.73338261063925, 26.71209211739139], [86.73177098014004, 26.710383114933787], [86.72961699143194, 26.711315496490695], [86.7274759916582, 26.709704726421105], [86.72236046978736, 26.70964520767643], [86.7179622258251, 26.70682706720957], [86.71466337393228, 26.708282696428014], [86.70627142608092, 26.70717346321753], [86.70600118841051, 26.705263814205132], [86.7037448204415, 26.703993199391515], [86.70275429601598, 26.699392148311166], [86.69833664831951, 26.698056065571425], [86.69115157089863, 26.68970036584208], [86.68482567664134, 26.688104647598323], [86.67045130295948, 26.693681789614175], [86.67106939893209, 26.697142496377054], [86.66900226433589, 26.701538013579004], [86.66491029633526, 26.7044889982341], [86.6566027104081, 26.69153005693205], [86.65248524249941, 26.691729906701756], [86.64892649343086, 26.68985719884025], [86.64193578920803, 26.69820709767635], [86.63378496786801, 26.698547366941227], [86.63132649112748, 26.694797342561788], [86.62820834309493, 26.69434245378164], [86.62740203793639, 26.690046068291867], [86.61630081308334, 26.69512312303721], [86.61349913855987, 26.69396917602002], [86.61052900315332, 26.68907786726583], [86.60526742235066, 26.692709960574955], [86.60189371093747, 26.69988539861937], [86.59769518598594, 26.697303366465235], [86.58639904848786, 26.69647206187736], [86.58605244755068, 26.700442582369227], [86.58305674611617, 26.701832908746063], [86.58120366700128, 26.708152510480375], [86.58332549414742, 26.71220925197188], [86.58022675023723, 26.713260733336508], [86.57985135124837, 26.716694049428742], [86.57208055769559, 26.722357296842922], [86.57292077121951, 26.730776695314546], [86.57170624740718, 26.73349218722579], [86.57392464426461, 26.739582501511023], [86.563957220977, 26.74408556257214], [86.55318083377065, 26.74597683956464], [86.56134764446557, 26.758036417329556], [86.56781648407853, 26.764263979104946], [86.56885101985344, 26.768060349836674], [86.57271295156579, 26.76823452576602], [86.57722601832297, 26.77576006443159], [86.57787112721881, 26.78443831331712], [86.57151244991229, 26.784676433875177], [86.56659454284207, 26.780969801691437], [86.56502201883815, 26.782910105504644], [86.56544736256508, 26.787767435551533], [86.563891807327, 26.791091053973368], [86.5620647034921, 26.789503600705466], [86.55756296093621, 26.790247771196686], [86.55617262626832, 26.788038816981107], [86.55137277913597, 26.786703666338315], [86.54816767107472, 26.781948030459077], [86.54316339915093, 26.784258429801444], [86.53856014759128, 26.7831062044589], [86.53631128835443, 26.784396365044852], [86.53820372130963, 26.787769288312003], [86.53447221680943, 26.78730801492213], [86.53127628800654, 26.78883188896653], [86.53012813867166, 26.791210973325413], [86.53570350127706, 26.795909342100764], [86.53440349877373, 26.798141310813712], [86.53565385270817, 26.80030032898302], [86.53693967630123, 26.800776184825665], [86.54061124953161, 26.798281153301016], [86.54585933455078, 26.803413602423774], [86.54481622171345, 26.806305330406634], [86.55047033221292, 26.81360747250314], [86.5534718526799, 26.81487828542859], [86.55158527310678, 26.82441285259439], [86.55463393158408, 26.830670728465595], [86.55151013033245, 26.831673962341736], [86.55202023897748, 26.835238656250006], [86.54352706705136, 26.836529337019225], [86.53966653047753, 26.83545399240082], [86.53720618318981, 26.831585103338032], [86.5251094890544, 26.832479195278395], [86.51963572129631, 26.831562621527137], [86.5208120613391, 26.834885910855245], [86.51775497026672, 26.843287744585204], [86.51510699991998, 26.843445747957677], [86.51252983654078, 26.840449219260737], [86.51097229537254, 26.84312233262152], [86.51169444046387, 26.846593038233063], [86.50724420754837, 26.84662721009243], [86.50543609640846, 26.84823428806472], [86.50476614401734, 26.8560823356653], [86.50044130005818, 26.85763081428328], [86.49609520020434, 26.856638328335258], [86.49323207255473, 26.859629141609396], [86.4943359667654, 26.86081780554634], [86.49287777733056, 26.863985251951654], [86.4886728884212, 26.86693510915235], [86.48815390434937, 26.869399507307392], [86.48250951133947, 26.869573021780344], [86.47994893897744, 26.871055161011846], [86.47947452579177, 26.87286761733273], [86.48125819571204, 26.874516877124606], [86.47923829797026, 26.876233442809138], [86.47739370296429, 26.883260042571447], [86.48012639936006, 26.886708971782447], [86.47955581093788, 26.888557174289097], [86.4761169112903, 26.88721992208904], [86.45712994588746, 26.887391961679707], [86.44493282147923, 26.891667942235657], [86.42824370803748, 26.902531639406885], [86.42272485137909, 26.903170303170608], [86.41844353122961, 26.906345639110043], [86.40744513517659, 26.907182192254954], [86.40345997482466, 26.909816768873245], [86.40172454555486, 26.908317871873184], [86.39652875712973, 26.909663164849817], [86.39377883768445, 26.908044824345538], [86.38639923834346, 26.907994892712832], [86.38444708901676, 26.909380861664832], [86.38267984367668, 26.90822687175529], [86.38279713737602, 26.902390013526272], [86.37680579040338, 26.896573675866495], [86.37723194776554, 26.892410112195265], [86.37476663497587, 26.889840422419116], [86.37404316799787, 26.88377194639098], [86.3694917744233, 26.88018649818076], [86.36965285514609, 26.875308805949178], [86.36604338210957, 26.872564611371157], [86.36225951595137, 26.874898780137972], [86.35800394328757, 26.875028447375804], [86.35156728511892, 26.877894087831486], [86.34629923142661, 26.87745460033289], [86.34080057892946, 26.88017964292809], [86.32134527325232, 26.878722445819363], [86.31726326652957, 26.88056209028293], [86.3142670639808, 26.879044799007623], [86.31040155394813, 26.882764906233977], [86.30719824323397, 26.88173831823676], [86.29859353058491, 26.88584543610678], [86.29418812069343, 26.885110553331774], [86.2875323940411, 26.886706239375865], [86.27121917140713, 26.882536645956634], [86.26820428092839, 26.87814585906789], [86.256941675169, 26.872719087098666], [86.25497911876289, 26.869703195479076], [86.25023290357795, 26.867798534453872], [86.24686592475626, 26.863847701941793], [86.24080103332184, 26.866644792194656], [86.22744529784222, 26.880686267843533], [86.21894313372937, 26.881842149363656], [86.20778985118142, 26.887330792395733], [86.20024467408606, 26.889127258369637], [86.19837291548392, 26.892318507520073], [86.19455675143226, 26.894074727037793], [86.18704990577936, 26.89469517252197], [86.18550762252809, 26.9000001154707], [86.17799778285527, 26.90040339311256], [86.17394158987652, 26.908180013953437], [86.16918303797134, 26.91052129013763], [86.16851474932243, 26.91361531874672], [86.1607696818483, 26.91439312144844], [86.15592472007238, 26.91897394835222], [86.15781316382449, 26.921857599937706], [86.1562467834541, 26.925970647539934], [86.15748910015029, 26.92998762624008], [86.1585296726791, 26.92599774604881], [86.17107590853747, 26.919966300272772], [86.1868572502048, 26.90648594114664], [86.19194588302733, 26.90419785278351], [86.19996680797536, 26.905536428943375], [86.20369087258946, 26.900081223565415], [86.21589967096682, 26.89624595227676], [86.21659665987703, 26.892337246932282], [86.2209982275323, 26.888507658221826], [86.22404358922923, 26.89105610895343], [86.22211392434646, 26.89915948649384], [86.2242019287117, 26.903843982689672], [86.2361119458442, 26.903360597758102], [86.24179697164239, 26.905532563766403], [86.24624719181585, 26.915116729840268], [86.25240202485638, 26.911573083360125], [86.25646036629134, 26.911754697039683], [86.25925294567192, 26.914454505305397], [86.25968479189879, 26.919143286570666]]]}}, {"type": "Feature", "properties": {"shapeName": "Bagmati", "shapeISO": "NP-P3", "shapeID": "38925275B1624743257395", "shapeGroup": "NPL", "shapeType": "ADM1", "tourism": 420000}, "geometry": {"type": "Polygon", "coordinates": [[[86.5155698264802, 27.956621698590506], [86.49771353793417, 27.957223269907264], [86.49387178339263, 27.95484254070208], [86.49348351407117, 27.952429248876665], [86.4862467985155, 27.95156995012407], [86.48152981197234, 27.947933443045066], [86.47469645145631, 27.94833166290436], [86.46938426081059, 27.946201822651545], [86.46644206797242, 27.941330770166783], [86.46994856226104, 27.93488728304367], [86.46988230322789, 27.930045340136864], [86.45944622246114, 27.922322661870933], [86.4556082624586, 27.91509017896815], [86.44573987933393, 27.91199828346042], [86.44245726287741, 27.905724224529674], [86.43933275619054, 27.90766312261581], [86.42921935724785, 27.909555089133587], [86.41075610254785, 27.906585033443204], [86.40632992439468, 27.91273878076613], [86.40540976997886, 27.91670784655461], [86.39706120381582, 27.924193469318737], [86.39087116936743, 27.92588539819785], [86.38131728794274, 27.937870158102452], [86.37055413663371, 27.94097769272783], [86.35828817914424, 27.9414173782281], [86.3479453137857, 27.937574042826625], [86.33762722404953, 27.94946179901193], [86.339469827578, 27.953585774574083], [86.335495147383, 27.960023565844836], [86.3353344938801, 27.96509448372985], [86.31877142945133, 27.94788073859065], [86.31230485396328, 27.950260350319592], [86.3074228020949, 27.956266415588477], [86.30405138605467, 27.95559285452281], [86.30297340069917, 27.958567694283595], [86.2996205343567, 27.961210649357003], [86.29975874960776, 27.967650199657648], [86.29656730194701, 27.973025912552707], [86.28878058499065, 27.978395984287157], [86.28106694132563, 27.977130839097565], [86.27809885919423, 27.978782514638837], [86.26640961293305, 27.98046009891058], [86.25478569113855, 27.978358148301787], [86.24899446296622, 27.97509821647005], [86.24880421189293, 27.9762906062714], [86.23739853659582, 27.97308294680799], [86.2331951899084, 27.974212459937014], [86.23172812528287, 27.977407836073528], [86.2264516052743, 27.981588057092836], [86.22287377053017, 27.99269699896198], [86.22243101489394, 28.0041462152653], [86.22007444715132, 28.010050393850133], [86.2210302202777, 28.02316798433109], [86.22522042225378, 28.02865131369683], [86.22482525230114, 28.033070973218937], [86.21937682979029, 28.03667449357999], [86.21757786277736, 28.040285200381188], [86.2176778329266, 28.043866130670697], [86.21538245638985, 28.046339180975355], [86.21695001911047, 28.051139902107042], [86.21180327646773, 28.058995295809236], [86.20966385448058, 28.065421681752884], [86.20962795538756, 28.072372306942082], [86.20631099180302, 28.076432009947965], [86.20417729457365, 28.084015666863646], [86.20770002402428, 28.089407618476038], [86.20774509641711, 28.0943440507956], [86.22251955210186, 28.09577086650276], [86.2184900425703, 28.108990795989797], [86.21984405504061, 28.1116583297749], [86.2140520542452, 28.11802328243956], [86.21220723693895, 28.12359406182671], [86.20555228222608, 28.133085031426305], [86.20117983879359, 28.13398006219828], [86.19719045884474, 28.138274732998426], [86.19556344883489, 28.151325093456183], [86.19753396436096, 28.152967729908784], [86.19730829550602, 28.156350483814713], [86.19211657852614, 28.16041227954652], [86.19258143958407, 28.16673396905933], [86.1895609903214, 28.168374331156915], [86.18938553735916, 28.17295516608465], [86.18672667462704, 28.17417569719854], [86.1738536924364, 28.16826919343151], [86.17622944203379, 28.16258262107554], [86.17585772324465, 28.154867183554398], [86.17891500353089, 28.149329047532344], [86.1781051123755, 28.143571363249603], [86.16614787363571, 28.138116459837295], [86.16027540242672, 28.138015179388415], [86.15234536455219, 28.130476532179973], [86.14201595133919, 28.126080750012658], [86.14049327178735, 28.11777821921126], [86.13693222724704, 28.11845291009259], [86.13235905809653, 28.11663505662539], [86.13308777486327, 28.110938831314094], [86.13168241013128, 28.107534676105303], [86.13288234742096, 28.106042017983604], [86.13019833029321, 28.100139190316646], [86.12769354802056, 28.09963825416498], [86.12414367435476, 28.095322455919703], [86.11785202706209, 28.09139957513625], [86.11034676254208, 28.09165342307702], [86.10802971387199, 28.0936010831103], [86.1041231803991, 28.09302294283637], [86.09893666592374, 28.096422548960874], [86.09213365866052, 28.097826055731392], [86.08900914834533, 28.094304067635694], [86.0827809815909, 28.090932763643487], [86.08409338719984, 28.090203789740386], [86.08474398557654, 28.08177080901326], [86.08763783757762, 28.073891879938092], [86.09155704431338, 28.069349542531018], [86.09485489731445, 28.061867896541216], [86.08962293106627, 28.05760787644398], [86.08751126494401, 28.049354956714588], [86.08908605345145, 28.04383597959375], [86.0874231580031, 28.04044100703982], [86.09047360130614, 28.033196960132024], [86.08814444137319, 28.028809375259478], [86.07996484735204, 28.02250348932576], [86.07938971876827, 28.02036773428635], [86.08232404054488, 28.013659949016166], [86.08565814936794, 28.011417144592034], [86.08901088533794, 28.006070121216716], [86.09148051588795, 28.00517730573322], [86.09359572019186, 28.000243534979525], [86.0958220188245, 27.99889363135239], [86.10358612493354, 27.984217207938773], [86.10946978110758, 27.961496721690615], [86.10913621285516, 27.95805864943148], [86.10714164741866, 27.955873187316662], [86.1153880991951, 27.945508133451867], [86.12366527857155, 27.941606186314633], [86.12627048169794, 27.933710815044453], [86.12398304012261, 27.92764331992089], [86.11800621036137, 27.92730962243239], [86.10896452916543, 27.92437504272954], [86.10403491850984, 27.924864164476624], [86.09045075188986, 27.920055551285003], [86.08728286229444, 27.916885156427572], [86.07959174631203, 27.914257635595526], [86.07501586174051, 27.910836176239304], [86.06650322854935, 27.91109682049224], [86.06942039825442, 27.90567279369834], [86.06482175760704, 27.899753433982042], [86.05565174663356, 27.904151070179847], [86.05046230600844, 27.904146983032152], [86.04738147312298, 27.906559963093013], [86.04362853433668, 27.906360230016055], [86.0396495447218, 27.90415317213089], [86.02809455069652, 27.90789851431776], [86.02319495150012, 27.907638204215186], [86.01376153423288, 27.915121809257364], [86.00141987290813, 27.911145831930874], [85.99765660835499, 27.914576960078634], [85.98838976258048, 27.9176969595397], [85.9744549187724, 27.92615765140446], [85.96759537415839, 27.93255171093798], [85.94827846833606, 27.94207459095184], [85.95783551510843, 27.956781806691804], [85.95977190176862, 27.96757543327821], [85.97830282871462, 27.98789617340965], [85.97714072948031, 27.996715111372755], [85.97435125329642, 28.00108448429182], [85.96762678180124, 28.000361871687645], [85.96442672746252, 28.002160592579948], [85.95385554381747, 28.014542424911788], [85.941890252194, 28.02310014005513], [85.9380669710117, 28.02472874059751], [85.9358375906107, 28.024167816096824], [85.92833992040121, 28.031603770030877], [85.91490299868948, 28.04937869305788], [85.90090306416889, 28.053894235894592], [85.90078222564921, 28.061649099200967], [85.89664620927532, 28.067436195224012], [85.89635597411623, 28.07430988478916], [85.90070775124236, 28.07827229022295], [85.90078009119676, 28.08518498136215], [85.90331216888066, 28.08923428500846], [85.89907022700396, 28.098045732727357], [85.89974938919696, 28.103729232667558], [85.89805093596875, 28.109077784251504], [85.89001339063698, 28.114025639978266], [85.88886736183193, 28.11662869809088], [85.87867881718076, 28.117414266020383], [85.87012912237027, 28.12377104815382], [85.86931216597313, 28.13539111362178], [85.8719526835934, 28.14444765468873], [85.87026404446304, 28.146779852843192], [85.86179862833559, 28.15130723890833], [85.8597296473432, 28.15443467191201], [85.85933486213968, 28.16133435643834], [85.85642586582513, 28.16162140508173], [85.85130698443038, 28.167195628631127], [85.84851942245497, 28.18417461268449], [85.84328063311997, 28.183422092401717], [85.82893955866221, 28.185066512290287], [85.81806243006297, 28.19395565086613], [85.8156906652451, 28.203369136558834], [85.81148986256855, 28.20266950328361], [85.8073010084981, 28.198403378919505], [85.80001339226887, 28.196419934078616], [85.7909654297144, 28.20379805297305], [85.78432577295453, 28.205507786070143], [85.78213468551907, 28.208495291367274], [85.77637738254984, 28.208606308696037], [85.77464761601661, 28.211318160676964], [85.77584723721436, 28.215709596774094], [85.77405217206946, 28.21810953776243], [85.76395693513273, 28.22736446831357], [85.75702131953335, 28.2289528323589], [85.75431129933968, 28.23493080980553], [85.74885926363127, 28.23816998697385], [85.74839352692729, 28.249106304684023], [85.74303094372456, 28.256911695944172], [85.74294207190941, 28.27173129299493], [85.739441691752, 28.27612489975478], [85.73822272879723, 28.28474197562215], [85.73305839645597, 28.291296732793725], [85.73290778402028, 28.2945481864435], [85.73635103425636, 28.299409681568843], [85.73724523520168, 28.31927090174556], [85.73589738218604, 28.323639046005738], [85.72753487693303, 28.32885787021562], [85.73226714666663, 28.339352750708702], [85.72848307860833, 28.34257483308222], [85.7262845073528, 28.3506773130219], [85.72203700420177, 28.353743651550122], [85.71993559651827, 28.359476097371672], [85.71890462345944, 28.36734343020378], [85.72432421252903, 28.373369665147663], [85.72079654973311, 28.37359152211598], [85.71775622306768, 28.37557279119871], [85.7114820728278, 28.38628471534208], [85.70093063307922, 28.384623562416863], [85.69532154137245, 28.38573167889444], [85.68392031303378, 28.382477591897917], [85.68619403117916, 28.346956157329625], [85.68152671618607, 28.349690205924986], [85.67620077587159, 28.350703274048715], [85.66574940824931, 28.348036713296413], [85.66439625197829, 28.33174622596883], [85.66134127612942, 28.326243921939486], [85.65729478664129, 28.324543945261816], [85.65376078302752, 28.317475774747535], [85.6613285301379, 28.30589494982502], [85.66072479726812, 28.302972390857512], [85.6451120268248, 28.289802817810326], [85.64212726523702, 28.282624791330022], [85.63543340194522, 28.27393446396996], [85.62561124796534, 28.266096693866015], [85.60868881588678, 28.256882242806796], [85.60699734922058, 28.257020638844306], [85.60629716703326, 28.261123444240393], [85.60362132109736, 28.264655578958667], [85.5989732480102, 28.279263305178304], [85.59663600839136, 28.29903304212429], [85.60060030586818, 28.30436331378907], [85.59195229762327, 28.308672965364952], [85.5807760814134, 28.306306054385374], [85.57592245132237, 28.310363042735148], [85.56175409291282, 28.309831040649204], [85.54778139517161, 28.315150824559073], [85.54319623158933, 28.319121512240514], [85.5388199800065, 28.320028857645358], [85.52605243339032, 28.328352514980683], [85.50652828021522, 28.33401380000063], [85.4977635150257, 28.333638186099318], [85.49654239113941, 28.332378030730464], [85.48737782030327, 28.331197046147715], [85.48357234557072, 28.33320992517542], [85.47539249040814, 28.333368523893053], [85.45800372148993, 28.337029213520577], [85.45191750502086, 28.33528733253352], [85.43737044768075, 28.33479407218606], [85.43023417988238, 28.330276549213085], [85.42460742793757, 28.33019777445686], [85.41538753083375, 28.327135836015486], [85.41314652462073, 28.32379585116806], [85.41411930902765, 28.316062317779462], [85.41203831323277, 28.30836273035274], [85.39771274056586, 28.29830540251657], [85.39675520667589, 28.294164761496575], [85.39196158781661, 28.28853387958066], [85.37764194944607, 28.278584792326985], [85.37556207436783, 28.282796876436066], [85.37017891417237, 28.285774392437546], [85.35266584415737, 28.2867203910821], [85.3482645160236, 28.288503093630624], [85.3471481654698, 28.29142399858749], [85.34819724520207, 28.301713209083204], [85.34037304985176, 28.303969311911462], [85.3253868298368, 28.299150750946303], [85.32290241357002, 28.296046177012386], [85.3185780917857, 28.294073660063336], [85.30357161136487, 28.289916037282875], [85.29809850757991, 28.29076668268824], [85.29249669644425, 28.287470076696255], [85.27291079209193, 28.287791598952378], [85.27357488991896, 28.293812814374935], [85.27047397634209, 28.29740125000731], [85.26679169794991, 28.298195679208387], [85.25477781103848, 28.294471818352246], [85.25307032811718, 28.2985004880955], [85.24711027035167, 28.303244834788998], [85.24461371139803, 28.3128726709272], [85.24145640271024, 28.31782798262769], [85.23014860824674, 28.323087068309416], [85.20245410670006, 28.3406695813469], [85.19832549744892, 28.3393546946145], [85.19359606769765, 28.333208549225404], [85.1812859543567, 28.324283531184644], [85.17080232199724, 28.328551596717674], [85.16682890992647, 28.331626439497356], [85.14038176500897, 28.330471797977562], [85.13505143160154, 28.33249908960088], [85.12865310399016, 28.33807441577588], [85.12077345056409, 28.33577074562777], [85.10795567921255, 28.346604114416692], [85.09299952184547, 28.344671981865204], [85.08836854057495, 28.346371627793292], [85.08054959133399, 28.345883356192434], [85.06737104500324, 28.339285051710387], [85.05299340236252, 28.32701449373491], [85.04665776840831, 28.32586762045848], [85.04283471854956, 28.319704616497322], [85.04120716131006, 28.31186667632222], [85.03271897748228, 28.30284454477658], [85.03799325346482, 28.29189068661375], [85.03182564935327, 28.279264044732045], [85.02794395262273, 28.262405822742306], [85.0017476898535, 28.253254290172006], [85.00065455525511, 28.25166054098042], [85.00269098450656, 28.248079086849486], [84.99913028274655, 28.244473231087394], [84.99866778602492, 28.241246142239724], [84.99778173188909, 28.24047207206317], [84.9916047159397, 28.244706212889163], [84.9770622718202, 28.22672310803451], [84.97042547238607, 28.223436111645743], [84.9647331676986, 28.217365132023183], [84.9622620403295, 28.212175875562636], [84.96741114011273, 28.204433409768544], [84.9675313623261, 28.201948761952263], [84.97063025961405, 28.199115943857223], [84.97086601053971, 28.19449192980204], [84.97385413696277, 28.190281484740378], [84.96746528620812, 28.184853873362314], [84.96407038004968, 28.17793188381254], [84.96566836300943, 28.17450965674715], [84.9619101018172, 28.168959473968634], [84.96080131643365, 28.1596096162159], [84.95724481064336, 28.155549051694788], [84.95789064579768, 28.147175007727373], [84.95419996288315, 28.14349653140628], [84.95832000552264, 28.136079581655277], [84.95691257077661, 28.126761090891648], [84.95183123526472, 28.12421567649993], [84.94842048645991, 28.124902560335826], [84.94277772199098, 28.122579491817984], [84.93919719581632, 28.125753396711744], [84.92881725079522, 28.126320428250356], [84.92017687451298, 28.11531097436706], [84.92156799278403, 28.106600347550895], [84.91813551391398, 28.103422142166252], [84.91358281642842, 28.10290886548521], [84.900430675102, 28.106691124729945], [84.89244974800879, 28.099970855225806], [84.88538194933228, 28.10551217699236], [84.88099588428184, 28.11276863738004], [84.8728012059397, 28.116723834672268], [84.86936839788281, 28.120470316222526], [84.86233187298959, 28.12156829094996], [84.85904252880438, 28.12007287372615], [84.854692679392, 28.12266063157124], [84.84959769079754, 28.11853904840821], [84.84373807804334, 28.116321468521868], [84.84213288895516, 28.114578412759435], [84.84245892422503, 28.11071645587493], [84.83714995080307, 28.104143403433863], [84.8372675599615, 28.09495848734844], [84.83180989503492, 28.089568326344082], [84.83163526471289, 28.08482044058824], [84.8278763980689, 28.07513344585389], [84.82439678245045, 28.066712402874824], [84.82092544106496, 28.063150669990197], [84.82126268245851, 28.058257618413958], [84.81848631922217, 28.054321617492377], [84.81837771681198, 28.047700903161733], [84.81213045607905, 28.04295748298474], [84.80950096906898, 28.037989515807478], [84.80946835278735, 28.034659753697866], [84.81356974574919, 28.028435945370955], [84.81282530178859, 28.021311327314066], [84.80954620238546, 28.01686374058999], [84.81328379610449, 28.009331357695313], [84.81132943379411, 28.00294484143448], [84.80385241588432, 28.000428137165308], [84.79741629469372, 28.002369734125583], [84.79690675965989, 27.998144859289944], [84.7901529099656, 27.997992077753292], [84.78806874129856, 27.995292288908917], [84.78798043580177, 27.989352636892722], [84.78501612521599, 27.987039050117012], [84.784066514724, 27.98329943534845], [84.77857684526721, 27.98139720727866], [84.7768940191693, 27.97760527360093], [84.77163053637302, 27.97735515071286], [84.77146202425789, 27.975988895634938], [84.77515996573786, 27.97312327652222], [84.77472130882936, 27.97139305107133], [84.76915075613742, 27.967298021128947], [84.76071156560046, 27.967223081125063], [84.75720791964957, 27.96345899108711], [84.74588149168856, 27.960096178893195], [84.74653712470315, 27.955309747211803], [84.74107457180128, 27.947409187336373], [84.73937813909775, 27.936589139011556], [84.73389656063851, 27.93316886164231], [84.73413825494313, 27.93125222677403], [84.73641239903446, 27.930797866801687], [84.73643337831984, 27.928548445527223], [84.73264865524676, 27.927334557476854], [84.73201058296281, 27.925837682740777], [84.73341485636188, 27.924745052720024], [84.73509944392855, 27.915443234305325], [84.73322373589892, 27.907053837065614], [84.7376268505146, 27.897047186048276], [84.73576524403025, 27.89287884637436], [84.73751867907892, 27.890737441576718], [84.74924152743881, 27.88611241962537], [84.74595508195986, 27.880248647545784], [84.75340460075712, 27.873570681506727], [84.75603355072143, 27.861774976541355], [84.75934497092052, 27.85939243102222], [84.76509470957265, 27.859311029184976], [84.76535041211199, 27.853786657138123], [84.76803922146762, 27.851729885345794], [84.76756063066799, 27.843791157645093], [84.76993245838, 27.842871027181644], [84.77067412724799, 27.838905146968212], [84.77595831039112, 27.83534480285744], [84.77311674264973, 27.829474537925595], [84.77371820521061, 27.824200960461763], [84.7770333713828, 27.818898554399222], [84.78193628341992, 27.815777725475666], [84.78195295190517, 27.81348993220955], [84.77542847237576, 27.808824938219832], [84.77308459966697, 27.808653165737116], [84.76851551978996, 27.811704069311883], [84.76899100343184, 27.815627097742595], [84.76497285391518, 27.818507899329845], [84.76264273136864, 27.81823876186726], [84.7569525603732, 27.81451813297104], [84.75625907314134, 27.809012555963093], [84.7538482566029, 27.806469559483514], [84.7387873031391, 27.80406916491356], [84.73702507344923, 27.79906777557492], [84.7308418364828, 27.79560586572707], [84.7274488266492, 27.799923985624577], [84.72155045590732, 27.801340140036828], [84.71874884162064, 27.803750753389384], [84.71382687244972, 27.800486907632553], [84.71116997455128, 27.800504989245663], [84.70796117228748, 27.802565627811852], [84.70741260009243, 27.806690371832985], [84.68505980629418, 27.81034287903378], [84.67712350199388, 27.81575389088857], [84.66803346497264, 27.818541621547066], [84.66745351381745, 27.823083764223618], [84.66116160868503, 27.828889704132962], [84.66398637641169, 27.840594503069003], [84.660000032084, 27.849985593033363], [84.65526336332317, 27.85238161421433], [84.64730533771267, 27.85339608472866], [84.6468815464542, 27.855135296911357], [84.64993482295553, 27.858566033752584], [84.64898098916605, 27.859745975154496], [84.63549620411263, 27.86037726867285], [84.63389068874365, 27.862471554218214], [84.63380813408938, 27.86890190967674], [84.62762751656939, 27.872090961520172], [84.62683681273876, 27.878179399692165], [84.62090336694446, 27.880539092359612], [84.61496840917837, 27.87716342960296], [84.61375021371576, 27.873092028635483], [84.60856405757033, 27.871625954994858], [84.60496589814798, 27.87219678407048], [84.60341310360029, 27.87546596518097], [84.5960408782207, 27.876303461106936], [84.59073270032094, 27.879836871562407], [84.58053747434325, 27.87439551624515], [84.57694752075092, 27.87093158639315], [84.57632612317043, 27.863606238064754], [84.5674286462763, 27.85893683435524], [84.55878756323071, 27.857965849333496], [84.55686023488275, 27.85276647738812], [84.55807610132585, 27.845068068349853], [84.55517604299058, 27.835815984522252], [84.54611551357677, 27.831793331004217], [84.5391711480257, 27.833713550308293], [84.52196164797134, 27.832331219537974], [84.5203445366854, 27.829844294225506], [84.52036701209703, 27.821383559407675], [84.51709842489166, 27.81615929383893], [84.51141831678387, 27.815521638246693], [84.50297679274344, 27.819706252908762], [84.49644213710388, 27.820907605878393], [84.49279452579681, 27.819420307738802], [84.46852990223418, 27.824355549334143], [84.46540551000707, 27.82411570961891], [84.46617923712125, 27.820038465273072], [84.46492792393072, 27.818937107475385], [84.44509804344641, 27.82291694065957], [84.44021531581684, 27.816597186638578], [84.43534042734511, 27.815274793856307], [84.43233356331184, 27.81274378825781], [84.42988983779783, 27.79289017055926], [84.43127483398328, 27.786888859447895], [84.43933686538877, 27.77847724422022], [84.4490862595705, 27.77837590397324], [84.46059657177179, 27.77373093862591], [84.46736861314946, 27.76720132132044], [84.47198225564235, 27.754097451463476], [84.4706794037191, 27.7521976649291], [84.46791733645719, 27.75199045395254], [84.45768211452071, 27.759357380281017], [84.45056031021505, 27.75935364561266], [84.43705292550194, 27.742847741326898], [84.43306586152602, 27.74122226368545], [84.42688553142588, 27.74254104928604], [84.4220423859523, 27.741335333581585], [84.43074883951572, 27.713196072212053], [84.43134310283756, 27.708453884563536], [84.42998428607092, 27.7050647946457], [84.4068524734979, 27.69583902081683], [84.37888615433901, 27.681345338078543], [84.37291266614916, 27.6829002931007], [84.3651970179831, 27.688606597588862], [84.36007094841757, 27.698330827852114], [84.35030209498711, 27.702852582767644], [84.34371579287792, 27.70231628034371], [84.3253610771595, 27.6940260603523], [84.32297297604927, 27.686572510079543], [84.3139693539813, 27.680323124956836], [84.29237195170762, 27.668367124209375], [84.27097345919175, 27.662993346563542], [84.26228036007329, 27.65660454128604], [84.25791873192988, 27.651143593134698], [84.25033505560798, 27.654183141355418], [84.24105483247878, 27.651855334602537], [84.22887476126043, 27.645407232071], [84.21817571641778, 27.64360598347963], [84.20667927080433, 27.638804179939285], [84.19695564261436, 27.631334269350994], [84.17641872796645, 27.61914868526528], [84.16426313527845, 27.606997722969894], [84.15110860599972, 27.59847035754018], [84.1416596056985, 27.588877581290255], [84.13526834860026, 27.584590184144222], [84.12776159210497, 27.574836576737656], [84.12564722482152, 27.566122519555286], [84.11983710979426, 27.560116786319156], [84.11940048891424, 27.556407802521523], [84.11471385592073, 27.55334769631449], [84.10730343147326, 27.55176966448377], [84.10068545666039, 27.553906872269717], [84.09026976207275, 27.5547217674858], [84.07466243084416, 27.5595685330204], [84.0708710994775, 27.557436043750485], [84.06757113457012, 27.55224140129682], [84.06442744285367, 27.551399055279457], [84.05656953439001, 27.555531502602776], [84.05060243167902, 27.55654463386128], [84.04403400910473, 27.552284732260812], [84.03885454298121, 27.540582774324562], [84.03117537497359, 27.537265709091493], [84.01830074902716, 27.5385179659049], [84.00556150943396, 27.54482320762484], [83.99892018910953, 27.545588226551097], [83.99315992910174, 27.543564198498597], [83.98536145859909, 27.543951609374922], [83.97040969498565, 27.55060309912106], [83.95775754095156, 27.548451793279604], [83.95439646190984, 27.543080728455926], [83.94847574068011, 27.54023114687437], [83.94102276710963, 27.541602350358325], [83.93176286143753, 27.54550142372243], [83.92445159881768, 27.54464257984569], [83.91975879586019, 27.54070042837722], [83.91877313186824, 27.533084851677568], [83.91994109535797, 27.52666863650001], [83.92225689399231, 27.524402250502543], [83.92174000830572, 27.518573894192258], [83.92564556016968, 27.514785419162855], [83.93122135130838, 27.51308478035409], [83.9419288777747, 27.515788257019768], [83.94633380541956, 27.518538199075433], [83.95093367049625, 27.52651598498695], [83.9530424322059, 27.527597480639578], [83.96488394057688, 27.52325979821056], [83.9694992230987, 27.51542694996466], [83.9681103536609, 27.50830344638798], [83.96353316899082, 27.50388446529724], [83.94114751459621, 27.49390834669153], [83.93875456359108, 27.491587832682914], [83.94460320448479, 27.465847804203467], [83.93935616155309, 27.45517762617964], [83.93544319489772, 27.451040004541863], [83.93122446900972, 27.44963456892098], [83.94220573350722, 27.447800646825886], [83.94424262082516, 27.44604377344668], [83.94320817940707, 27.443554607657425], [83.94595204655145, 27.44122492139316], [83.96259909597546, 27.444032726680675], [83.96611364358621, 27.44666229160682], [83.97265285992047, 27.442144296005484], [83.97782329179537, 27.442519713821664], [83.97758082044813, 27.43938111825582], [83.98401344506054, 27.443930803400562], [83.99164767516079, 27.44424507536567], [83.99618597394944, 27.446228650882222], [83.99813881771067, 27.44071417812739], [83.99880995070846, 27.44221236500604], [84.0017160989948, 27.440396008943225], [84.0024052221588, 27.442239415967343], [84.00525134342813, 27.442298014965775], [84.00529607399726, 27.439752870110045], [84.00762143713864, 27.440574081617005], [84.00925308639957, 27.437694864450872], [84.01193827027218, 27.438919856911713], [84.0158066463481, 27.434833220834115], [84.01864137030196, 27.436116772260437], [84.02273463320257, 27.433121978094423], [84.02722184006635, 27.43370330442396], [84.02591461163809, 27.43851185150424], [84.02784895418591, 27.43984044850658], [84.03104373165999, 27.43907487805775], [84.03172540521227, 27.441696588854953], [84.03564758715456, 27.440933028067626], [84.04367272617905, 27.443410424230372], [84.05209337027414, 27.442814166434278], [84.054707274098, 27.449458043473964], [84.061774276556, 27.4559691238755], [84.0585398560187, 27.461284222421163], [84.06080347845923, 27.462043625721765], [84.06209409014107, 27.46700700945234], [84.06669886643057, 27.46971245923798], [84.07076416188853, 27.481811115934654], [84.07282866111274, 27.48057813297166], [84.07815657483164, 27.484108644205804], [84.08404537129763, 27.483319991366407], [84.09090734540652, 27.486160962804757], [84.09144347136494, 27.488920096005963], [84.09547761030844, 27.489652904290423], [84.09871562423233, 27.502581660742266], [84.09721133965303, 27.50508722521626], [84.09873887634123, 27.50565025930878], [84.0997640233772, 27.510475777389562], [84.09786708471016, 27.51728894734907], [84.10865863026943, 27.52180932529862], [84.11092712300963, 27.519488069726492], [84.11666580238406, 27.519332231861075], [84.11754116570957, 27.513742562207742], [84.12419189556974, 27.511126209974826], [84.12984019205135, 27.511976218079383], [84.13834158194354, 27.51769676777963], [84.14371837758931, 27.517163395669336], [84.14582206599377, 27.518880523411262], [84.15111165910447, 27.51650344131256], [84.14990227016412, 27.51255846691275], [84.15129500418126, 27.510242008747742], [84.14930203337946, 27.509407054090556], [84.1483582160231, 27.503088109724064], [84.14996029321122, 27.500985761363353], [84.144434164078, 27.496975351963073], [84.14624770024854, 27.495558757925213], [84.14542198528144, 27.492937793836177], [84.14884672894952, 27.489073568652238], [84.1489247765809, 27.486002659671907], [84.15194037363838, 27.486105444692804], [84.15371773880226, 27.48409758938906], [84.16364717497343, 27.48387644650704], [84.16717537071115, 27.481882179294747], [84.16754173819028, 27.479708881689145], [84.1711165243595, 27.479165296420113], [84.1715820901021, 27.47575311095067], [84.17609033965026, 27.4738792846032], [84.17992600008573, 27.474826569914207], [84.18409686539503, 27.47253096452371], [84.18873756991792, 27.47216594223627], [84.19114118037352, 27.4693016735024], [84.19449303485477, 27.47332229965585], [84.20583272413718, 27.469736480506374], [84.20885571700589, 27.465422414723154], [84.20389610982025, 27.4596490481629], [84.20780190353318, 27.456344529657407], [84.20663367951347, 27.44666438402041], [84.20856181262727, 27.442661023612278], [84.21955164642367, 27.440466761687677], [84.22094157516328, 27.447707379533977], [84.22701489379844, 27.451104666077327], [84.23169923632565, 27.45635876347567], [84.23918131513038, 27.452582528434217], [84.24413674226857, 27.454746783286325], [84.24613882069185, 27.453123209720037], [84.25065627742853, 27.45351905525931], [84.25426488742525, 27.45213385948585], [84.25475693534011, 27.449438922597846], [84.25949518796564, 27.445876501926293], [84.25867130613014, 27.43881343743189], [84.27262102120254, 27.428874792801558], [84.27359759669059, 27.42139541776228], [84.27817640987286, 27.415711623452278], [84.27758647463163, 27.40982601919262], [84.27916519907834, 27.40673619706814], [84.27555622149127, 27.401125085469126], [84.2764193348804, 27.39570364728006], [84.28249363761161, 27.396585035674416], [84.29186530388161, 27.385004218967055], [84.29488641370376, 27.384481186638265], [84.2976691486614, 27.388886394435712], [84.30057279685498, 27.39048216977057], [84.31378802056301, 27.385277087711863], [84.31754989287452, 27.382197671547882], [84.32864996038744, 27.380287949215315], [84.33260092806277, 27.377455887672483], [84.33842140184609, 27.377751075245232], [84.34807369068824, 27.374241224003864], [84.361301820597, 27.37392332805809], [84.37170435388299, 27.375326422696304], [84.37285267685915, 27.376693066264483], [84.38762461536655, 27.372399614434105], [84.39184776083971, 27.368231616185792], [84.39705484191374, 27.370423622275837], [84.39881368965175, 27.369504795579207], [84.40608820906952, 27.370440509045395], [84.4103771152673, 27.368564241870256], [84.41404127500009, 27.370836844360866], [84.42035364398157, 27.369928958975752], [84.42425377455322, 27.372040391586008], [84.43533241718626, 27.369598779657576], [84.44119581662328, 27.37026399619833], [84.44388992771674, 27.368664743941018], [84.44645774402494, 27.363796533454817], [84.45775634321092, 27.36217366346223], [84.46186722735656, 27.359402912045354], [84.46476046214745, 27.359792671158164], [84.46612152686018, 27.3568255844364], [84.4696229679423, 27.355243466952256], [84.47257062696096, 27.355978070940775], [84.47598098843386, 27.362527909667342], [84.48589106492621, 27.358590289651605], [84.48389024690363, 27.366142392760633], [84.48780531574576, 27.371424353101464], [84.49263295995817, 27.372943978372593], [84.49534384236802, 27.376695619798912], [84.50172200055523, 27.37659391347588], [84.50408197532991, 27.38117922666935], [84.5099618287449, 27.380801349595554], [84.51166106931339, 27.38260477660056], [84.51987320440654, 27.384090581878105], [84.53045386318148, 27.381054390714315], [84.53249128797587, 27.384002407144216], [84.53966823874816, 27.385919782961786], [84.53553865887942, 27.392472193040064], [84.53472914836259, 27.401800592566513], [84.53745856092686, 27.403843325909286], [84.54587382366003, 27.403842205165503], [84.54623600331144, 27.408222568171674], [84.54496232466221, 27.40999420143527], [84.53436424351025, 27.412397572803314], [84.53248601497268, 27.414424110875114], [84.53668900191676, 27.415407525005314], [84.53877985688459, 27.41838454057671], [84.54172132007149, 27.419505796979088], [84.54343512390106, 27.417971648160425], [84.54835690855907, 27.418031281395734], [84.54781774842156, 27.426763051430633], [84.55130858487261, 27.43720722839555], [84.5560348077687, 27.441849946765664], [84.55778643367441, 27.458882254570508], [84.56165334151973, 27.463036315612428], [84.56526848562906, 27.46316161001672], [84.56783251001991, 27.460540635148245], [84.57308547235259, 27.458860804083645], [84.57585757494778, 27.453982598318397], [84.58189945448296, 27.45439290453535], [84.58243659358764, 27.456500285381512], [84.58477165873582, 27.45649276005227], [84.59105476508846, 27.453253335105135], [84.59737603017862, 27.4544650736874], [84.60127326679064, 27.45114961979872], [84.6068275333232, 27.454324920132045], [84.61002959074314, 27.452052360804], [84.62178209938571, 27.451973362398228], [84.62286243686161, 27.449789013381107], [84.6282808239144, 27.450877061329468], [84.63494125410186, 27.44447736431335], [84.63974592934561, 27.444538870065294], [84.64297934618213, 27.442915315930804], [84.64351327362677, 27.436631389724514], [84.64766405710076, 27.429141688688386], [84.65644157629997, 27.432690317699155], [84.66173555741155, 27.43303761842403], [84.6627596739742, 27.429745367976214], [84.67070501110963, 27.42908461231137], [84.68085796466266, 27.429899571372715], [84.69060631141504, 27.432529736255393], [84.70075098198019, 27.431966945124035], [84.7049192231922, 27.433026664635406], [84.71893315367403, 27.431265165356642], [84.72080977913934, 27.43774442472099], [84.72607332366877, 27.444686633113356], [84.73469487889355, 27.444269179646888], [84.73450613392757, 27.442115433108135], [84.73812852504419, 27.4423692786511], [84.73945382355683, 27.440489655038203], [84.74332215614172, 27.44207544882893], [84.74878001901082, 27.437757170472533], [84.75531513178747, 27.435727392416766], [84.75832882196526, 27.43759045907897], [84.76835569430177, 27.437091036086006], [84.77028452873026, 27.43891021483122], [84.77444191774558, 27.438830724758912], [84.78004600016375, 27.435094771475782], [84.79094413353681, 27.437758827316305], [84.79718116979923, 27.435279835143522], [84.79986641522227, 27.430163148265642], [84.8092436615661, 27.424524863608568], [84.81012639930472, 27.415986705488983], [84.81567073131393, 27.419067952593217], [84.82527613927563, 27.419622865844488], [84.82976492472083, 27.41628411052114], [84.83370481346628, 27.417747477819972], [84.83770953735957, 27.414386529928095], [84.84039898573411, 27.41481028396598], [84.84087741362929, 27.4120548516137], [84.84428377920383, 27.411923728641494], [84.85109896444013, 27.404412009966794], [84.85189416101605, 27.398574794888955], [84.86409833000275, 27.397001626885817], [84.87151074309119, 27.39928841386784], [84.87672808586662, 27.397669640718735], [84.87876847182304, 27.39612249839479], [84.87852974747459, 27.393267688611306], [84.88185109789443, 27.388077767914158], [84.88989132446251, 27.38933534313583], [84.891321425608, 27.387302359788976], [84.89670156323635, 27.38552160473425], [84.89782466244178, 27.379294055525005], [84.90081947577707, 27.374985738591025], [84.90845786151522, 27.377264591108464], [84.91415144640204, 27.372816579009687], [84.92173236390083, 27.370670703221332], [84.92623595715999, 27.36423328767087], [84.93095680356636, 27.36578122407525], [84.93340144161247, 27.364627802786625], [84.93587489109709, 27.366508672111422], [84.94088499409182, 27.365784628655856], [84.94098265698196, 27.363207361076675], [84.94543633427048, 27.36244174961448], [84.94495456617894, 27.360243001010158], [84.94941656128334, 27.362324510647664], [84.95179096749303, 27.367012502005117], [84.95629649013473, 27.36426075732734], [84.95378481338794, 27.361482529712877], [84.95676777810324, 27.359181095741754], [84.96419370784481, 27.36370780602877], [84.96558256388114, 27.358572224859124], [84.97191348402316, 27.35514844406827], [84.97745841987077, 27.356136317833773], [84.98153463716876, 27.36220615038277], [84.98832587687029, 27.361709302812447], [84.99482425666534, 27.365491878419757], [84.99888040749687, 27.36559149641825], [85.00064130619404, 27.362099898857792], [85.00091864461383, 27.355776095507203], [85.00397829837881, 27.35287071587038], [85.01320440505151, 27.355407696155954], [85.0214960656388, 27.352100686013646], [85.02096066840045, 27.356743260915017], [85.02456303035311, 27.358704580152388], [85.03195358067855, 27.360558843795943], [85.03648841898261, 27.35740276096642], [85.03998473327196, 27.359346391180924], [85.04304183397615, 27.359095774912547], [85.04478136628637, 27.36162988752869], [85.05237639717477, 27.36320630444496], [85.05617572103962, 27.365675143496595], [85.06006737868847, 27.36335791249531], [85.05975658277738, 27.36143801644918], [85.06147750038687, 27.360450320084887], [85.06549405220636, 27.36263750083473], [85.06731616794865, 27.360417103425398], [85.06971843481654, 27.36249689126854], [85.06942325042237, 27.36432659780797], [85.0708170658224, 27.364415237933585], [85.08656674059215, 27.361143967138286], [85.08806685095878, 27.35821512803933], [85.09134032647405, 27.35659444994587], [85.09063117045346, 27.353400787525715], [85.09230690583296, 27.352426588254147], [85.09309775202276, 27.3486278787195], [85.09209230294957, 27.340202304713355], [85.09448118496232, 27.333403886791935], [85.10323141866019, 27.32331555381426], [85.1039190768953, 27.32024858802818], [85.11679573783782, 27.31791718852582], [85.11902051449988, 27.314397851515274], [85.1208804500336, 27.302177285731293], [85.12553410819388, 27.301147201562483], [85.1266376308545, 27.29263041845304], [85.13674928389777, 27.29024060431584], [85.13937877822431, 27.28566855465781], [85.14478355733335, 27.282989192808277], [85.14527868990088, 27.272977032405784], [85.15107063944143, 27.26861801371598], [85.15179478682826, 27.265758030731618], [85.1559950553724, 27.26214067050502], [85.16770286492431, 27.26019571793097], [85.17095154439153, 27.254792252142114], [85.17504559081365, 27.253654668706428], [85.18096004431575, 27.254590802957097], [85.17730499788334, 27.249646875515467], [85.17914346830307, 27.248462697448232], [85.1929021604824, 27.24509509159326], [85.19791810473433, 27.246065272622232], [85.19959894570485, 27.249218454750693], [85.20245436207219, 27.250256594416438], [85.20673964877412, 27.248349395829102], [85.20840280057308, 27.24539531104156], [85.21519637683608, 27.246816543143463], [85.21992918516466, 27.24403192803396], [85.22471408799595, 27.24549949911956], [85.23179782225182, 27.243400111268542], [85.23667396982151, 27.247691056808858], [85.24245106219465, 27.24879961184059], [85.25152094437288, 27.244982659080513], [85.25340508129881, 27.238267476510465], [85.25809460585495, 27.234216350807714], [85.2577936210184, 27.22922410355019], [85.26191263004796, 27.2266602109813], [85.26737673142118, 27.22628601845345], [85.27194925569273, 27.22929251006687], [85.2795375173411, 27.22877905090735], [85.28063176353668, 27.23122360223223], [85.28874382247538, 27.23115148712155], [85.29302772230052, 27.232925835189395], [85.30403920920352, 27.22993146522732], [85.30739547941599, 27.23184034854431], [85.31741206558492, 27.227236607361164], [85.33281587352164, 27.223016479154758], [85.33760861892436, 27.219825779422802], [85.34874948217438, 27.22218487036409], [85.3596514632508, 27.210806060665167], [85.36255829140718, 27.2127789313209], [85.36937759840514, 27.211988236097056], [85.37281593403415, 27.210052776770603], [85.37659333415964, 27.212102528581166], [85.38516417577434, 27.20743158345278], [85.39348645835939, 27.210423949223113], [85.3972718572101, 27.20621038558188], [85.39612680472932, 27.200782539014803], [85.3972853397591, 27.19767570951385], [85.40351479671382, 27.196381674816703], [85.40928008927304, 27.197002899008034], [85.41828035601449, 27.190135092551998], [85.42663163649021, 27.193107212893185], [85.43368932441055, 27.190438564114892], [85.43656800917078, 27.18734769777482], [85.44810369021573, 27.18678905806377], [85.45017204357296, 27.183697304760273], [85.44948376114098, 27.18046026903732], [85.45335412030389, 27.177735574995694], [85.45292461388087, 27.168429520928548], [85.4572144090791, 27.166147043192243], [85.4668520795628, 27.166154884558136], [85.46941475051135, 27.1626425515592], [85.47226889146121, 27.16189972664003], [85.486202572162, 27.164417101884805], [85.49405630440734, 27.169923987141257], [85.49518526838642, 27.173679483952288], [85.50094303151982, 27.17578232657028], [85.50338733778895, 27.17258915031892], [85.49956275067841, 27.167706961317755], [85.50334954022898, 27.165870435892383], [85.50395800887354, 27.163460785227844], [85.49314682978877, 27.162186662363546], [85.4895203337028, 27.154613527129545], [85.49122393345019, 27.15409010216911], [85.49622531397709, 27.146019088167193], [85.50103673068146, 27.14355207326154], [85.50808130229271, 27.14375798047285], [85.5125961191782, 27.141978586616663], [85.51596272622417, 27.142663892917547], [85.52809505341568, 27.14040710146142], [85.53105383668367, 27.141209639801552], [85.53316520335103, 27.1464678939849], [85.53665513377608, 27.148859613505888], [85.54224988998253, 27.146237686182065], [85.5423227266914, 27.144539651450327], [85.54594907439873, 27.14395013648509], [85.54678684511349, 27.140644694118357], [85.551730384512, 27.140569468684262], [85.54919398786498, 27.142634556966364], [85.54976722629361, 27.145719978704566], [85.5535545810386, 27.146805880297855], [85.5590449190409, 27.143888916585905], [85.56891975523283, 27.14350492344946], [85.5710854758539, 27.137074717504746], [85.58070788650295, 27.143951699467692], [85.58388412137383, 27.14262343104624], [85.5890615604031, 27.142932737371193], [85.59468605541386, 27.14064072034583], [85.60004916586466, 27.14362935341704], [85.60497947471752, 27.13962653934482], [85.61278509559237, 27.141725354232513], [85.62008219557785, 27.138823792634035], [85.62280486453581, 27.14068242151973], [85.62976964134927, 27.137429698797746], [85.63345876454188, 27.14135509762435], [85.63990563604942, 27.142949560532905], [85.64173853665967, 27.142152849151703], [85.64678326138817, 27.14462464831883], [85.65028818443581, 27.150431688897278], [85.65349521229165, 27.152903583219633], [85.65633334547596, 27.152623967240604], [85.65606589364629, 27.155080494434962], [85.6624455341742, 27.156170251308964], [85.66572229248061, 27.162247701162], [85.66961630791637, 27.16403991816778], [85.67107756665888, 27.166470038838508], [85.67753420451915, 27.16719207979218], [85.68171804834986, 27.169354454655263], [85.6858638602913, 27.176416520148592], [85.69012927290552, 27.17776715657727], [85.69489214359645, 27.184099358066486], [85.69894969160117, 27.186275856692383], [85.70372959549512, 27.184792753634074], [85.71685574729538, 27.187848634229947], [85.72365426585617, 27.19524302468081], [85.74318848554205, 27.18755246616506], [85.7475492088959, 27.188354091252176], [85.75032426763966, 27.18601440672445], [85.7694436496062, 27.182174374282106], [85.77291532745822, 27.178741673336482], [85.78810943560599, 27.173792987297144], [85.79369268728301, 27.16847373861801], [85.79900195285691, 27.16725587193768], [85.80899669414374, 27.16168940557535], [85.81586242655175, 27.161307552202636], [85.8245707666653, 27.168264327103287], [85.83068873668108, 27.16717608732776], [85.84355038585156, 27.159936628919745], [85.83975640915483, 27.152595281675072], [85.83464894994314, 27.14971695341619], [85.83565505990529, 27.147092453059916], [85.84554032822825, 27.14093803708449], [85.85352234121827, 27.1380456121415], [85.85489861902977, 27.1339934325837], [85.85840012471964, 27.13264567181859], [85.8624682669174, 27.127171349741754], [85.88302217720732, 27.146410229849028], [85.88657228698297, 27.14577284492708], [85.89087556548225, 27.14132612363588], [85.9018909932904, 27.13542476606778], [85.91207160011709, 27.132221218279476], [85.91411457057825, 27.129737222442284], [85.92926092103978, 27.125607276846356], [85.9381293450869, 27.121437480243195], [85.93589855592553, 27.110202627218577], [85.9441299140319, 27.09208174641071], [85.94807897627908, 27.088223903702385], [85.95097647991044, 27.087830423409873], [85.94994569332317, 27.084023181016736], [85.95560382275482, 27.084245817647634], [85.96201338595837, 27.079850751149767], [85.96321517797092, 27.073230794902894], [85.96548524390802, 27.073804781489574], [85.96688456847369, 27.070417166904182], [85.9660694284547, 27.067200563588795], [85.9696910191587, 27.061040482390045], [85.97090219191824, 27.05097064484309], [85.98263598398455, 27.035036500348948], [85.98576036277616, 27.03320440122081], [85.98762790587597, 27.028369110380737], [85.99166807459578, 27.024848988869167], [86.00186919369764, 27.021011560160094], [86.00575528910247, 27.022036283584175], [86.01087521340396, 27.02052006443749], [86.01229444037814, 27.018691187844745], [86.01496412308437, 27.020147103025153], [86.02110015113553, 27.019230972561605], [86.03034122280545, 27.02079761163001], [86.04213889236865, 27.01958553913407], [86.04753246129047, 27.021402343550527], [86.04906349820463, 27.019018641944104], [86.05526545304818, 27.018236938842954], [86.08917518606205, 27.019139421064835], [86.10640232676464, 27.015242676911804], [86.14037946436022, 26.999307838421363], [86.16308708683175, 26.991894809878332], [86.16719167735673, 26.98880983801921], [86.17011291330876, 26.989111422987108], [86.17888211410965, 26.984444731666734], [86.1875781451124, 26.98245086482494], [86.18726303897472, 26.977455739176467], [86.19152139813315, 26.978583585425945], [86.19256314738406, 26.975049290216948], [86.1986106385748, 26.970553038434694], [86.21020441344491, 26.965566422434517], [86.21846230955214, 26.957773810758695], [86.2188016503522, 26.954300873279056], [86.22169132276713, 26.954885432823126], [86.22664097468927, 26.94956954703991], [86.23418603254426, 26.950470406339925], [86.23538026661215, 26.946762878788267], [86.24140962195422, 26.93989314821018], [86.255417447491, 26.932451664241043], [86.25792695358666, 26.928374066207653], [86.25724649676776, 26.921571905446882], [86.25968479189879, 26.919143286570666], [86.25988349918843, 26.92298251292621], [86.26307337099094, 26.92710807593407], [86.27836902756593, 26.934728034728113], [86.28099443580565, 26.946734205454394], [86.28347143517479, 26.94919277977831], [86.29658340737684, 26.95239965307359], [86.30971712647036, 26.96156012717037], [86.31503508059316, 26.963454362054083], [86.35298078869364, 26.96461058400299], [86.36515137895488, 26.97998243135609], [86.368178722088, 26.99546149029385], [86.36666400448097, 27.000339846898118], [86.37310303366374, 27.003583981796346], [86.37409195031721, 27.007356602211246], [86.37220931070601, 27.01080501586189], [86.37414832610959, 27.012871490982707], [86.37198773286428, 27.015887750098088], [86.37538312721126, 27.020611952950414], [86.37404099649447, 27.02332269081899], [86.37961826956986, 27.029153144704907], [86.37937069165669, 27.031446750861395], [86.38199700120819, 27.030138347779893], [86.3826230160116, 27.031490425870892], [86.37817420784339, 27.035157776748168], [86.37497050675972, 27.034848001081148], [86.37307878092874, 27.036554442372644], [86.36698786804106, 27.037571874740962], [86.36402839772425, 27.042653500713598], [86.36329387723264, 27.0540833539925], [86.3511619293293, 27.06163191903211], [86.35087104574848, 27.066793145760993], [86.34765488773888, 27.064569288178525], [86.34608131159284, 27.066078315213552], [86.34699047277242, 27.07054787329904], [86.35086685648403, 27.06987312333568], [86.35148644203021, 27.073840344956885], [86.355245669982, 27.075306278735404], [86.35360691334168, 27.07690985927354], [86.35527847054594, 27.081581474322796], [86.35827965181004, 27.084029808437997], [86.35878317230151, 27.09184593761392], [86.35702803913034, 27.09419582611903], [86.36262406991507, 27.099550946917528], [86.35611359543198, 27.100134909297672], [86.35490641558562, 27.104290147302986], [86.34119003772685, 27.106500970129858], [86.33235858024862, 27.099893217795398], [86.32783234601875, 27.10055083328426], [86.32308343482103, 27.09912231662511], [86.31715333343769, 27.102141949482778], [86.31119471979176, 27.102977088180463], [86.30643090599399, 27.10889910882783], [86.3118964901699, 27.10953070801522], [86.31323778633367, 27.11088429782141], [86.32424780374257, 27.109947191363183], [86.32621252551613, 27.110962947605415], [86.33200792562252, 27.121322502539986], [86.33380285928587, 27.12220876739382], [86.3346079166579, 27.12635297718177], [86.33665001948441, 27.126599551833884], [86.33642526947952, 27.127992924708906], [86.3347181801145, 27.128018706604696], [86.3364386794543, 27.12923850168461], [86.33428118979786, 27.1302684370906], [86.33594743575577, 27.131984438328836], [86.33512899747916, 27.13413085950683], [86.33795138419016, 27.133859869159938], [86.33659409736708, 27.13804353788541], [86.34090041165422, 27.140918106157848], [86.3412272790849, 27.145172798014098], [86.34303206013219, 27.1473496977873], [86.34496937864122, 27.143901973763416], [86.35556569411975, 27.143292143894413], [86.35915586946096, 27.13937805107909], [86.36352680286808, 27.14213038139071], [86.36791294800614, 27.140638462657254], [86.37049235199768, 27.147012942076543], [86.37422097349075, 27.14772462920217], [86.37046083139438, 27.151065269828095], [86.37360272012876, 27.154680440994397], [86.37376060820252, 27.15899306187652], [86.3790989914737, 27.163987523137695], [86.37813952165298, 27.165558242813695], [86.38314620466927, 27.17322039925794], [86.38490915668862, 27.17343115948698], [86.38455464447998, 27.176193658867824], [86.3898629959331, 27.17993985517996], [86.384207994644, 27.18247384786618], [86.37902344312567, 27.19329498856098], [86.37535815717672, 27.194016550484886], [86.36873961580021, 27.192554129803067], [86.35807888432187, 27.201463409866353], [86.35062006134909, 27.20083333931265], [86.34357531476158, 27.202869664573473], [86.33991019739418, 27.210368250043878], [86.3401528351646, 27.21416679252646], [86.34314963818335, 27.21968179252601], [86.34098466136257, 27.22902411578855], [86.33319776217125, 27.231058615502665], [86.32770906330032, 27.230120792673716], [86.31588252004651, 27.231439913507298], [86.3090006921346, 27.233355565208164], [86.30611498913281, 27.237213174337015], [86.29492830236015, 27.238441125237063], [86.28788675761938, 27.24569336400526], [86.28131511299617, 27.245878674484906], [86.27712213339943, 27.250204968877423], [86.26666380580386, 27.253650111562557], [86.26630319576007, 27.26108494584936], [86.26157595167888, 27.257495184496108], [86.25745360390657, 27.258136682965265], [86.25280531541367, 27.25033679652607], [86.24319382784782, 27.247169227396302], [86.23966734969399, 27.24133787327587], [86.23012293187247, 27.237429746129393], [86.22158037395128, 27.2398734484301], [86.20358082507508, 27.250270723789356], [86.2051223704218, 27.250401300147093], [86.20473769951366, 27.254970325173957], [86.21113454863482, 27.26094734040241], [86.21381559110975, 27.26892711427798], [86.21623516646014, 27.268060731954815], [86.21898402167139, 27.272690180353386], [86.22317837269753, 27.27446890517758], [86.2237332979862, 27.277499957472255], [86.22675702364585, 27.27765430776915], [86.23404409124977, 27.285501109147365], [86.24060528630294, 27.288785928307796], [86.23545661573853, 27.29625549120092], [86.23789053961531, 27.30250503939988], [86.23722586296665, 27.30612958132094], [86.23381909190162, 27.3075189003981], [86.23131901948689, 27.31460335500222], [86.22898317851678, 27.31564422209956], [86.22891215996422, 27.319935214774137], [86.21932367298062, 27.32260306684758], [86.2222913084999, 27.327353256989998], [86.21723332226979, 27.328444073656396], [86.21566185643816, 27.33358184165642], [86.21804903355162, 27.337029200682334], [86.21662385527618, 27.342461068956975], [86.21841350398442, 27.350893723840827], [86.21712619039278, 27.353079570825948], [86.22183411394813, 27.359978412278565], [86.21905286787417, 27.362225915490246], [86.22472313508742, 27.370587581151856], [86.2220010606457, 27.38209507408961], [86.2257953284699, 27.38424607206744], [86.22492237654177, 27.387418025271863], [86.22739525651431, 27.389525567749768], [86.22771609943005, 27.39790026551331], [86.23603268930837, 27.404132665194858], [86.23444937355853, 27.408191964363457], [86.23737264541465, 27.4096858190608], [86.23762466923002, 27.41288653867408], [86.2412301450244, 27.41821068928255], [86.24826598389222, 27.420624592947448], [86.24796350298497, 27.424499181190374], [86.25198763952169, 27.42856626273448], [86.25126052542942, 27.432526585107045], [86.25654566935637, 27.437209508281686], [86.25422920565734, 27.440983071230196], [86.26374919391583, 27.456157257942973], [86.27245448984135, 27.46201282198518], [86.27913948842959, 27.46493561268414], [86.28108743426696, 27.464311576373404], [86.29206686268844, 27.470403284327134], [86.29294961725671, 27.476501882684456], [86.29504085205969, 27.4789695107346], [86.30539372266435, 27.48285715431121], [86.3129132979097, 27.491682496227973], [86.31554893566332, 27.49245134879762], [86.31939335756522, 27.498774100725264], [86.32464583577007, 27.49974054243975], [86.32625469763896, 27.50504828452235], [86.33321028494272, 27.51087126113594], [86.33441883509771, 27.515718975293943], [86.33827717198662, 27.52008283983838], [86.34653720121091, 27.52352429985514], [86.35494582027756, 27.5248608868695], [86.35765336256858, 27.529616072954273], [86.35853640241375, 27.539784495821344], [86.36482361551103, 27.546688113948864], [86.369655354304, 27.549663493905886], [86.3706705411068, 27.55225596748736], [86.36923859960088, 27.558199163690734], [86.37664047039087, 27.56841944359064], [86.380789298601, 27.571441057747627], [86.38826197597675, 27.572782754665113], [86.39850090087289, 27.583472415674496], [86.40781346879837, 27.584489360353462], [86.41002294748408, 27.58653615409324], [86.41345455429226, 27.58680787697776], [86.41796023756193, 27.591393483163877], [86.42018391251096, 27.598683684135427], [86.43022534891081, 27.604248486554837], [86.43479143140114, 27.61028902823384], [86.4696950772611, 27.617132270514173], [86.4766228845449, 27.61583419393363], [86.48409912284768, 27.617245259598203], [86.49249840911338, 27.613749716266906], [86.49547840699265, 27.618843939192622], [86.49986398527503, 27.62037137911293], [86.5071777716677, 27.64060226693662], [86.51138599139396, 27.64243573959043], [86.51370656071575, 27.648203953001463], [86.51681712113525, 27.646852064402843], [86.52621812158507, 27.65041553514138], [86.52882904004359, 27.655618305001433], [86.52711710162232, 27.660185806351226], [86.5330153948352, 27.66282298586755], [86.53548319962351, 27.668359098511804], [86.53803419702017, 27.67031253080846], [86.53881049248803, 27.67499225233117], [86.53660501543656, 27.678615204145277], [86.54078309243747, 27.69281176163588], [86.539114789688, 27.69662370484578], [86.54025609320566, 27.701616029712348], [86.55096273415649, 27.710879078424995], [86.55132385190534, 27.71755417663807], [86.55354926516907, 27.719580659751248], [86.55699561022512, 27.728779086702808], [86.5563189310657, 27.732456747976418], [86.55825960646214, 27.73843968530749], [86.56327668050655, 27.744937693359446], [86.56288757136015, 27.749347356292933], [86.57276297181393, 27.754599122328656], [86.57036130620769, 27.75935453123027], [86.56607186036, 27.762621664881348], [86.56398735475311, 27.769613817714273], [86.56620467848093, 27.778537247316763], [86.56568608686275, 27.785766780172363], [86.56883224331375, 27.791119295534006], [86.56881540114404, 27.795387977296528], [86.5656310388631, 27.79961966894407], [86.56708331302788, 27.804007989666967], [86.54821020082254, 27.811004910116775], [86.54242664406492, 27.81117091923699], [86.54035289762996, 27.814877678057073], [86.5404623839492, 27.8176508693585], [86.54353345712533, 27.82150789162886], [86.54384298118481, 27.827081649324434], [86.54887321238007, 27.840445730786712], [86.5501421191445, 27.848414166256735], [86.55410296703607, 27.85714714348618], [86.55102688671958, 27.876163452587047], [86.55462276893269, 27.885538176825104], [86.55166344276452, 27.89807063082758], [86.55424931176205, 27.902706386775698], [86.5544358990402, 27.90892495913419], [86.54978909620309, 27.919134651808694], [86.54780304261695, 27.930458604341446], [86.53966401447339, 27.93489887744428], [86.5337245733163, 27.942116502671293], [86.52215832891021, 27.94000573871785], [86.51822111559156, 27.953203925890374], [86.5155698264802, 27.956621698590506]]]}}, {"type": "Feature", "properties": {"shapeName": "Gandaki", "shapeISO": "NP-P4", "shapeID": "38925275B44970447822435", "shapeGroup": "NPL", "shapeType": "ADM1", "tourism": 310000}, "geometry": {"type": "Polygon", "coordinates": [[[85.10795567921255, 28.346604114416692], [85.11301553376951, 28.357210360625242], [85.11519166019389, 28.367181240149655], [85.12187890417046, 28.372714034552995], [85.12199217312282, 28.385959147778053], [85.12663610692786, 28.392437759721098], [85.12487924665231, 28.396918761914595], [85.11895636119422, 28.402198747076618], [85.11583076244082, 28.40885640399608], [85.11747483424843, 28.415817797604813], [85.11267654223256, 28.433364249483045], [85.11430074356488, 28.44322006849602], [85.1028124879661, 28.447863520620132], [85.10025618649294, 28.451664883071373], [85.09950955176056, 28.456902019711674], [85.10430447081292, 28.460095808175403], [85.11262424941611, 28.4713993553298], [85.11330317176872, 28.479663427074474], [85.11668281079344, 28.481309583019193], [85.11850166714073, 28.48559178556597], [85.12658379110876, 28.487877898804495], [85.13072584376754, 28.485912520776683], [85.14450876343575, 28.485637023057425], [85.15289216714625, 28.490580711868404], [85.15702589751065, 28.497953421713476], [85.15700059319433, 28.509561678637528], [85.1621112334362, 28.51503114062768], [85.1633394157763, 28.519374202905084], [85.16610275582012, 28.52134456936667], [85.16503510440755, 28.52632984924495], [85.16612439938773, 28.532124526124726], [85.16893268291389, 28.53350351012609], [85.17829395419503, 28.532621746237265], [85.18687546286102, 28.53431098364828], [85.18641614850785, 28.54022275126062], [85.18894653510343, 28.547292524002135], [85.18837103353633, 28.553938410796427], [85.18472798498716, 28.561420856563227], [85.19155785023176, 28.56905758782198], [85.1815320371226, 28.578998141841318], [85.182568054591, 28.583435130133395], [85.18134463223294, 28.587497052079065], [85.17522965931428, 28.592203710190542], [85.17366419259059, 28.597486578237408], [85.18896480462186, 28.605038456456175], [85.18970949040094, 28.60925683470797], [85.193209833, 28.612289304695093], [85.19733197612192, 28.620876466177776], [85.19765379796227, 28.627212082515765], [85.1912752591315, 28.630841332958287], [85.1848125268539, 28.632303280426473], [85.18842654023751, 28.641278584854373], [85.17869369460986, 28.64511257384679], [85.15718473369618, 28.643010783309464], [85.15436636141574, 28.648793584602785], [85.14514155075392, 28.656554786270487], [85.14566394864121, 28.661030137022678], [85.1398063804876, 28.66571048824321], [85.1350456216227, 28.666609952308292], [85.13240902409126, 28.675963868808804], [85.11490669299063, 28.686765093763857], [85.11057427878045, 28.683457761609276], [85.10188322350454, 28.681834702711225], [85.09445035133362, 28.67837614511346], [85.08880756001588, 28.671679287500847], [85.0839370996315, 28.670998769032945], [85.08042311927868, 28.67158403257476], [85.07129468967062, 28.67856137036388], [85.06177860587067, 28.68050634776241], [85.05859323950189, 28.682468929134178], [85.05370974637198, 28.68045209449215], [85.05453789560688, 28.67706879278656], [85.05203943928798, 28.670088700237486], [85.04118604749775, 28.66847854309297], [85.04033931977082, 28.65803879331456], [85.03087249990456, 28.656137373750273], [85.02300632557063, 28.64897858411704], [85.0171253742499, 28.639492352432875], [85.00891926967529, 28.637128746026733], [85.00021254395772, 28.622916523878683], [84.98883383603456, 28.61294605813059], [84.98608586600469, 28.605152036596817], [84.99284682627547, 28.59985125568743], [84.98340470037539, 28.591445116060743], [84.97454023217907, 28.589745063763242], [84.97191901902542, 28.586795227696086], [84.96477684644393, 28.58683267034291], [84.94888435634329, 28.580222512843058], [84.94745733428655, 28.590300132882426], [84.9448976432048, 28.594861175210685], [84.9388020004569, 28.595740369380163], [84.93201507171719, 28.5938223723193], [84.91967675088061, 28.595300722973537], [84.91275054257557, 28.58971699403375], [84.90697434522575, 28.58821278693786], [84.90097228963019, 28.593319348390512], [84.89916022706075, 28.589952125889514], [84.89028781205543, 28.588738404927454], [84.88606487711719, 28.582702386525128], [84.87951675473637, 28.58254198050351], [84.87532347698807, 28.58075313935183], [84.86920856829597, 28.582531689640035], [84.86705868615884, 28.58167923239455], [84.86155601204254, 28.577313166029004], [84.85708487308592, 28.570648451064596], [84.78069439106785, 28.6095423501885], [84.76775541070785, 28.610565922224318], [84.7638141426148, 28.612767345474627], [84.75531569777108, 28.613611192925024], [84.74688566281434, 28.618356936303705], [84.73679785361199, 28.616934528093953], [84.73092613168876, 28.620246317818435], [84.72518957763728, 28.62067193628525], [84.72159822891976, 28.62750600418401], [84.71379403173444, 28.633024562133233], [84.69478712615985, 28.636486939131537], [84.6980959323375, 28.639594207649743], [84.70176771568461, 28.647439176201082], [84.69723500825499, 28.653539858632683], [84.70495661012576, 28.67114512352218], [84.69644110956013, 28.67184336015493], [84.68821437703788, 28.67887177289833], [84.67604918687735, 28.679088743734084], [84.66834837659773, 28.68345147067363], [84.66889616658477, 28.690042626878743], [84.6665093977362, 28.694293137720834], [84.66431224352631, 28.694784369361326], [84.66151441025322, 28.6988157675803], [84.65063385269805, 28.702457572082743], [84.65074721226117, 28.714473974802726], [84.64773546472418, 28.71874516051531], [84.64447150061686, 28.719996993365726], [84.64355001414695, 28.725289057342938], [84.63901454808284, 28.728863532167765], [84.629416127979, 28.732720898496154], [84.62634202257868, 28.73652725163225], [84.61535817587136, 28.736733367845837], [84.60577602721601, 28.733480761291144], [84.59237444309632, 28.736646505970306], [84.58681172971257, 28.73462922619212], [84.57168124352998, 28.73522417865292], [84.56735288056397, 28.74154303067664], [84.55725299526867, 28.74701030496346], [84.55671552169855, 28.75221457079226], [84.5404088697918, 28.744281472641315], [84.53370386938127, 28.745422510681497], [84.52490323876572, 28.742246847500937], [84.51472740754686, 28.748620475859642], [84.51017233567612, 28.745326204666902], [84.49989576256739, 28.74289207621171], [84.49432209318744, 28.735802073448315], [84.49188219103459, 28.73478219086073], [84.48334207039935, 28.74153043635945], [84.48030661166948, 28.74719205727086], [84.47562680457654, 28.747004873675206], [84.46626421018955, 28.75181922114758], [84.46041356677564, 28.75135423337799], [84.4519114914165, 28.76482567533706], [84.43654632969485, 28.769512000802735], [84.43979518861308, 28.77650141196817], [84.44600052954785, 28.78327357819371], [84.4439504220726, 28.78669335598682], [84.44529704059549, 28.79340013862153], [84.43885684970535, 28.796092101026993], [84.43205939896474, 28.801498808815925], [84.42962254386315, 28.81335662050069], [84.43532549809365, 28.82093382956281], [84.42749430628409, 28.823611708924517], [84.41888992055533, 28.831622148773334], [84.40842719595169, 28.828757744691597], [84.40062552300947, 28.830290292725035], [84.39934536253222, 28.83735487410666], [84.4076776904932, 28.84300342563703], [84.40895092625279, 28.853615597068742], [84.40395720616702, 28.8543502619716], [84.3922830838812, 28.860511635262963], [84.38241681959731, 28.861742366029176], [84.3752584745463, 28.864453690077134], [84.3692218576676, 28.86090385784549], [84.36537779426897, 28.86174671827124], [84.35701077709285, 28.859416299086156], [84.34313979800585, 28.87300770648331], [84.33512127667646, 28.868608670004093], [84.33331116122903, 28.864728559558003], [84.32362081604295, 28.862728715306883], [84.32084477910173, 28.86749292071422], [84.31562143207893, 28.869849059408786], [84.30867318547527, 28.869432049453454], [84.28781851792829, 28.876992461300276], [84.28396916860522, 28.882723686759764], [84.27402479671073, 28.886752909002148], [84.27209643161818, 28.892820570893434], [84.26556370586272, 28.897819008070744], [84.2582587334245, 28.895602221156476], [84.25382531131658, 28.890298076473286], [84.22846211122716, 28.89251134710497], [84.22576743702861, 28.894286766347562], [84.2254664746289, 28.903592655134737], [84.22048121061349, 28.915689965124685], [84.22460782089844, 28.925983396797722], [84.2256046135408, 28.941808706078824], [84.22722138596106, 28.942311247429625], [84.22934463427728, 28.946726874857028], [84.23147620772257, 28.95972808756315], [84.23530478693597, 28.964275980767948], [84.23541362459987, 28.96846034749507], [84.23933352160184, 28.96909635107903], [84.2390400749488, 28.971492625944276], [84.24180704393783, 28.976177488716946], [84.23863253925262, 28.98200546509407], [84.23828053080024, 28.987749367899042], [84.24106975002353, 28.99231917853445], [84.23949848122517, 28.997440495236734], [84.242740504772, 29.006963668043223], [84.24786665024632, 29.01271578386628], [84.2478663400496, 29.027809151193704], [84.24664577173203, 29.029243325745803], [84.24786614457474, 29.03731450086941], [84.242289662627, 29.044319459127436], [84.23596573980261, 29.044639764186215], [84.22708617889634, 29.051427251978776], [84.2215708258666, 29.053525054182817], [84.20902215640209, 29.05371938621893], [84.1964431238189, 29.04661878305162], [84.1896843815586, 29.046996296229565], [84.18872284217943, 29.064776853588356], [84.18651817122259, 29.06831843826746], [84.18627395008882, 29.073872122530737], [84.1878758260892, 29.077835252620172], [84.18613649635365, 29.080798970868244], [84.19075157780321, 29.084756428216675], [84.19581664349568, 29.093048896085744], [84.19601485609864, 29.099161387691442], [84.19812790451682, 29.099603885422553], [84.20171314978566, 29.103834051304965], [84.19991267158008, 29.112753870243942], [84.20096515463993, 29.124029092145246], [84.18653223459678, 29.126391850070913], [84.17480734054837, 29.13091738559676], [84.17282376469238, 29.140685891924463], [84.1733957038618, 29.1498555879197], [84.16761324415363, 29.157465113950426], [84.16594249494644, 29.164180242686257], [84.16926066792928, 29.172184698530938], [84.16691871998997, 29.17410136943023], [84.16703307537136, 29.177507581813753], [84.16228807103396, 29.18530593554358], [84.16681921604808, 29.190365735330428], [84.164339903637, 29.19490095320125], [84.16854303045453, 29.199926419920317], [84.17306662716265, 29.201118473729398], [84.17752910254359, 29.206840062319902], [84.18121358211036, 29.20789669433898], [84.18832326280577, 29.205819897217957], [84.19484539258559, 29.211825686440854], [84.19973512992642, 29.21398277710998], [84.19760667484721, 29.220793256267932], [84.19807948003174, 29.228187371889888], [84.20294620221952, 29.23667245870386], [84.20102378199822, 29.240116781891004], [84.19585170920556, 29.242098251406194], [84.19539397605391, 29.243587746506932], [84.19177811841669, 29.244173189800154], [84.18345561931784, 29.24186347162004], [84.17935927056567, 29.23780685117799], [84.16774882943366, 29.2410717457777], [84.15741237951019, 29.24178104885953], [84.15126393719632, 29.240783500307757], [84.14118695967898, 29.236248084316447], [84.12801262810318, 29.243186168044698], [84.11946881409949, 29.24538118863037], [84.11634120783384, 29.244221578203867], [84.11233623453477, 29.24817317546158], [84.1136482357306, 29.251899810801326], [84.11183264617924, 29.253812676189643], [84.11487626367135, 29.258658848478248], [84.11238169720436, 29.263068192276805], [84.11866742658319, 29.265185252288077], [84.12166526783089, 29.270384252212825], [84.12186353867139, 29.27359974806534], [84.11753818839631, 29.276834243325883], [84.12024619875618, 29.2797045809108], [84.11456305414298, 29.280303343315744], [84.10862045841921, 29.285122673324103], [84.10227361816708, 29.28704309501022], [84.09956547490017, 29.29061327784557], [84.08779482525395, 29.294639131798288], [84.08568939720551, 29.294551368540237], [84.08057088834305, 29.28852080925883], [84.06878513136, 29.285343273532302], [84.06330787234201, 29.289821227606247], [84.05644233218963, 29.290393270051126], [84.05311628969585, 29.29405689549228], [84.0530704499514, 29.29745356850246], [84.04387057189541, 29.30085009572233], [84.03015492705318, 29.293282220228672], [84.02640955743384, 29.2856515651148], [84.02326659799894, 29.289238906581538], [84.0157526625171, 29.28903472088999], [84.01061103413619, 29.294416678748334], [84.00434048619763, 29.295951853774902], [83.99852769436609, 29.294910446504144], [83.98984707015818, 29.298481762167008], [83.98778361863734, 29.300536602464298], [83.98903090668239, 29.302659300639483], [83.99925863776735, 29.30635693161004], [84.0009675394816, 29.312032308224968], [83.99224161345113, 29.320184290929703], [83.98843467521748, 29.32093291159241], [83.97585771462438, 29.328693119816393], [83.96267344085773, 29.331358603309145], [83.9550726474606, 29.32560870316816], [83.94849752165905, 29.31711126164046], [83.94296791096768, 29.316310498861572], [83.93362753860882, 29.31978453037159], [83.92749114337605, 29.31852261285698], [83.91981002087856, 29.323325173461885], [83.91171324251603, 29.323191495775472], [83.90478312581406, 29.32578758359262], [83.90080889457398, 29.323594412428893], [83.89803942817656, 29.318871056533496], [83.88740902483161, 29.320177643941424], [83.87052340156873, 29.3124160986009], [83.85671356849883, 29.30991398946223], [83.85416895469983, 29.301684586997396], [83.84809535735342, 29.297649178925017], [83.84405368839904, 29.299029487978625], [83.83898445337685, 29.29819111152209], [83.83503624303455, 29.300940545236482], [83.82916271378154, 29.29837519126204], [83.82314006200775, 29.302840433706166], [83.8126351853865, 29.30201403355364], [83.81260107091829, 29.298664280356945], [83.80797215150852, 29.29471470015685], [83.81092020603337, 29.290870602163515], [83.8078657820747, 29.28591945023528], [83.80191785489453, 29.28186398331542], [83.7973629701373, 29.281875224417586], [83.79452000573922, 29.277454151710078], [83.79387311087588, 29.27351238174332], [83.80229938041829, 29.2564041590607], [83.79719731529478, 29.25355203184209], [83.79730474551765, 29.250100915047796], [83.78139169644581, 29.244438755176194], [83.77808964053854, 29.247659030766005], [83.771139595425, 29.246866809296737], [83.7705584237294, 29.243802521016708], [83.76760106923297, 29.24087624610495], [83.7620987046115, 29.24002967619659], [83.75675331195447, 29.24260060531175], [83.74950651011547, 29.244134664001002], [83.74639406904916, 29.243467865550294], [83.74064561771316, 29.245505086897634], [83.73814842076705, 29.244130988500036], [83.73061748368681, 29.244957420443505], [83.72185754757082, 29.24161228178647], [83.71128147806077, 29.24462834001055], [83.70727702959577, 29.237884026805343], [83.70088708159795, 29.234716346531282], [83.69669806473934, 29.22638324161939], [83.68424332444485, 29.213158399230107], [83.67503467735638, 29.207772193134637], [83.65590746062402, 29.204018184476244], [83.65597309385498, 29.200057365230318], [83.65852526479016, 29.196114018567354], [83.6581341143121, 29.18751412172507], [83.6635833209662, 29.18411951971736], [83.65740412725138, 29.176170410556374], [83.66610899041771, 29.16975854474215], [83.66208130830069, 29.16500008823049], [83.66332491549697, 29.15576367203849], [83.67220439017846, 29.152866814478845], [83.67601102962593, 29.148581456449538], [83.67495091472475, 29.13709644961707], [83.6793373324836, 29.13172973440183], [83.67885687625002, 29.12510993227263], [83.68043546902189, 29.123510255460598], [83.66025130718093, 29.12449744533464], [83.65145591018381, 29.119138155147173], [83.65062452947919, 29.113500541803514], [83.65256221889258, 29.109274277339793], [83.64992289829021, 29.104536821988212], [83.64621088448473, 29.104178087300255], [83.63633152788434, 29.107413510826618], [83.62888382033036, 29.10690902150476], [83.62063010996935, 29.09786127001518], [83.61563352125123, 29.098378036853013], [83.61612184974926, 29.092652713769464], [83.62342990883988, 29.088333079884162], [83.63074565419193, 29.081076400652186], [83.62953815515829, 29.07163640286923], [83.63153169528185, 29.064962714212395], [83.63103269628527, 29.062504581786445], [83.62660381993864, 29.062504294145594], [83.61963917704642, 29.0597616732753], [83.61818987676101, 29.055203509440997], [83.61901133626097, 29.045827814451062], [83.612575779302, 29.036021083474687], [83.61539843982953, 29.02764673326701], [83.61413223486369, 29.0224172470931], [83.61656575182303, 29.01895957961253], [83.6119659293726, 29.014799966748388], [83.61698556319025, 29.00623683920026], [83.61449886418676, 28.99869965541972], [83.61504069380098, 28.98775440141505], [83.60928905297554, 28.98031252599277], [83.6045512048926, 28.980210030358528], [83.59918944495784, 28.98569838000186], [83.59208702098685, 28.98370703087461], [83.58693800543772, 28.977041385120785], [83.58741104997145, 28.97259768061748], [83.58546591229376, 28.96776106162814], [83.58166704064415, 28.965007046199663], [83.58262828691966, 28.961345289857558], [83.58007288518435, 28.956214956679858], [83.57490089685794, 28.95395678565129], [83.57128518044766, 28.947323584117658], [83.5669904883459, 28.943402372947617], [83.56223798003289, 28.945244628857317], [83.55867553905713, 28.94490319138969], [83.55651692996864, 28.933774806878407], [83.54622649768216, 28.921892966709304], [83.53544019200253, 28.911437682448938], [83.52862811372306, 28.908700787080903], [83.52753735010441, 28.903915674153925], [83.5229223034451, 28.898005276827092], [83.51470671689692, 28.88958498575605], [83.5061172707382, 28.88475208013675], [83.49950372068619, 28.877269416808637], [83.50603373845948, 28.865239794798676], [83.50630089120227, 28.857019883925346], [83.50206725090142, 28.851757930446563], [83.50183850662998, 28.846200425484394], [83.49797101044766, 28.842660484710606], [83.49199790764862, 28.84650733314534], [83.4816538770249, 28.844727784746343], [83.48033430353561, 28.83782952203709], [83.48358409541804, 28.83226825464055], [83.47970904014463, 28.824233277240456], [83.48010585074573, 28.817205351091385], [83.48513304113231, 28.812265848891688], [83.48804727499864, 28.80211782596969], [83.48693050546538, 28.790587993721452], [83.48346212141793, 28.78288908907802], [83.46118761176389, 28.78011975939168], [83.45630201666553, 28.773799706585883], [83.44610692107966, 28.76895556237568], [83.4364363511074, 28.768820805203898], [83.41044519645648, 28.760672355939043], [83.40028662455643, 28.76078556902502], [83.38851810324186, 28.763105929828587], [83.38336598585462, 28.756504523454588], [83.37766467632251, 28.754026292966763], [83.37434949139191, 28.74454999184943], [83.36202097522421, 28.734185450548118], [83.35626313499951, 28.73370022273276], [83.34993519314685, 28.7360633480446], [83.32557118885232, 28.73795850001421], [83.31311103506273, 28.735669275387544], [83.30858595094733, 28.73271585557259], [83.29794127790099, 28.731774472824178], [83.28202103901855, 28.725712984123284], [83.27694441782413, 28.72198412779355], [83.27056084256515, 28.72520948529966], [83.2591331739183, 28.726279781034513], [83.24800684468701, 28.730411924087292], [83.23942785316564, 28.73492300579313], [83.23702733418817, 28.739745900775436], [83.22929769230667, 28.742889497062247], [83.22304276555143, 28.740609178223963], [83.21609845303585, 28.733928067059313], [83.20995313115387, 28.731979281361046], [83.2001471395001, 28.735271521655143], [83.18647720048952, 28.743606301214808], [83.16657647728731, 28.74519498862404], [83.1540891741377, 28.747828874592614], [83.14543247896613, 28.747158559602575], [83.14279536604843, 28.742145296451195], [83.14266253960966, 28.73388605534393], [83.14612394437812, 28.730785954943038], [83.144219049995, 28.725540535829325], [83.14648881930407, 28.71819874609629], [83.15102626249829, 28.71199682236986], [83.14995779975675, 28.704388070252772], [83.15255975936962, 28.70118540358186], [83.14948209309289, 28.695501757510755], [83.14357636161783, 28.693659903940006], [83.14240534247557, 28.68977474396075], [83.14646575681935, 28.681821661369874], [83.13906856128737, 28.67544957856436], [83.13484053843456, 28.67372173805945], [83.12832603446371, 28.674029615583], [83.12282903822368, 28.67674615898533], [83.11894225043696, 28.673310168979352], [83.11918323524624, 28.66908212517606], [83.1250114819006, 28.66401730195179], [83.12319141462099, 28.654068755148], [83.11525268077862, 28.643570543722344], [83.11587675853643, 28.631503789457277], [83.11194048541891, 28.63109458183606], [83.09636038221956, 28.635160293560354], [83.084312273592, 28.63086332628145], [83.080879520944, 28.625617947654618], [83.06725908375742, 28.623478884974148], [83.05752539454672, 28.62012711457784], [83.05100572948616, 28.625842868438962], [83.04282113018152, 28.629983368298028], [83.0355368787636, 28.625733716379145], [83.02475900446271, 28.626464118058994], [83.01912753811393, 28.621738285080944], [83.00913184940407, 28.62371158371968], [83.00584612163003, 28.622717502846477], [82.9980425322687, 28.623578122802275], [82.99379910620763, 28.626862696803418], [82.98952632023015, 28.626206007641308], [82.98293549735253, 28.63079911415794], [82.97697052334793, 28.628963135335574], [82.9745555107987, 28.626914664327348], [82.97210783446606, 28.620555278197905], [82.96707235772239, 28.615443738744126], [82.95649181282346, 28.610515103612467], [82.95699822637044, 28.60809177124056], [82.95263737351566, 28.59810806553284], [82.95438885281663, 28.593163421355886], [82.95875047218166, 28.58877338859294], [82.96229218395817, 28.581897885984446], [82.9726409126133, 28.575245460720208], [82.97842219010911, 28.575607134644404], [82.98248053347734, 28.571383270130994], [82.98547226494722, 28.570871047400498], [82.9855879379691, 28.564075236926616], [82.98217942918168, 28.558926850950005], [82.98043331355115, 28.550847069808963], [82.97381517470262, 28.54234706921247], [82.96398610527213, 28.550113462797604], [82.9595843494236, 28.552051346081306], [82.95568994763208, 28.55141916133836], [82.9520108002572, 28.55586619894677], [82.94306533658438, 28.558183544050372], [82.94018959679286, 28.561668806751452], [82.93582997643685, 28.56279189072381], [82.93251874282058, 28.565817939459222], [82.92379638434231, 28.567646145906213], [82.91641805766227, 28.564645940500476], [82.91184913573188, 28.542852633426534], [82.91351787848774, 28.537813058434807], [82.91136394074206, 28.529853385568767], [82.91406674294907, 28.527605631227445], [82.89461402287637, 28.51545034718362], [82.8773535347847, 28.515446414039776], [82.88839408389813, 28.50664050741763], [82.89026045231944, 28.500150131553305], [82.89433044877138, 28.494273167632393], [82.91211238948809, 28.479413477187816], [82.90893105257143, 28.476802858946698], [82.90395930804624, 28.475483847299284], [82.88678248197527, 28.479679902998967], [82.87930904786495, 28.476361226826036], [82.8787294938634, 28.473405864532094], [82.88061008653285, 28.46810000558361], [82.88270764510985, 28.466567550492893], [82.88286753091786, 28.46129035132513], [82.8869180211926, 28.455945776773625], [82.88605919354903, 28.45289123253692], [82.89403683895428, 28.44772738328119], [82.90066457726162, 28.447377384997836], [82.906065993323, 28.443049109156497], [82.90963299656963, 28.43700971748128], [82.9142457373749, 28.43435090181364], [82.91226494360386, 28.42741432339018], [82.91854371907387, 28.41742826911032], [82.91920796722708, 28.40918178667305], [82.91617130616592, 28.402746710870847], [82.92270676683893, 28.401273627480794], [82.93648608466081, 28.402126306779124], [82.93809493096062, 28.398637837354954], [82.94362469152539, 28.398452996319403], [82.94226302048205, 28.393865399449357], [82.94623259709367, 28.391263570229032], [82.94753756823557, 28.386628951717988], [82.95040998007055, 28.384047855896167], [82.94798940199428, 28.37871449731889], [82.9508213529252, 28.374235949192762], [82.95511450993055, 28.371699493511457], [82.95673517436008, 28.364450432511443], [82.95474764469077, 28.36017167211691], [82.96128771060746, 28.359774989951003], [82.96712321461136, 28.357662767304742], [82.98008437782109, 28.359429603346083], [82.99400366023214, 28.35097657768203], [83.00420549824466, 28.33270233928416], [83.00997476591526, 28.333741388516337], [83.0128992017425, 28.332876010827103], [83.0185841979338, 28.325544827088766], [83.02523500351953, 28.324875170837636], [83.03327379296837, 28.32178538259874], [83.04006549639422, 28.32227999761742], [83.04476525889582, 28.32462978644019], [83.0512701758752, 28.319015145956392], [83.06163730668577, 28.317676916594728], [83.06691055368947, 28.313350140270803], [83.06898656830501, 28.310925704492476], [83.06942711205093, 28.301934472518585], [83.07592212985142, 28.297674331537447], [83.07879404508982, 28.291517062446356], [83.0851979154335, 28.28915530904208], [83.09233528801848, 28.277982061049883], [83.09706147914595, 28.277180951443654], [83.09357119341205, 28.257021500089113], [83.10106952457677, 28.25567235548812], [83.10573870921822, 28.25226942245291], [83.10955776819885, 28.251800395345818], [83.11633294330287, 28.254007790531467], [83.11864821059615, 28.256565151505693], [83.12438560573824, 28.257804433533042], [83.12776846630798, 28.25080106095319], [83.13082006856884, 28.25015728887859], [83.13701724640612, 28.25312023167422], [83.1447722822833, 28.262490547884312], [83.15552206157913, 28.27085018694963], [83.16167886430037, 28.267208671516933], [83.1629197690081, 28.263340606850832], [83.16567580295076, 28.26177603999498], [83.16781696063512, 28.257974294220585], [83.18484581503101, 28.27073730899156], [83.18908178538916, 28.265273745824253], [83.20383241650268, 28.255878756888972], [83.205908085592, 28.251947397015645], [83.21238384144611, 28.248553551595684], [83.21541399972702, 28.248455916418415], [83.21579959599485, 28.24385371945811], [83.22005639249747, 28.240846056522308], [83.22280235802415, 28.236304637128708], [83.22587158754813, 28.235426448995728], [83.22580571001947, 28.232685011038445], [83.23325089891088, 28.225891428848], [83.23378108908513, 28.221869742675597], [83.24213306756874, 28.219890356895153], [83.24422133720546, 28.217255690314868], [83.25180568959529, 28.214202204748624], [83.2547055613527, 28.206865731191552], [83.25856097152909, 28.204046358095976], [83.25923726600108, 28.200088542046043], [83.26550881073405, 28.19951774724749], [83.26884246835677, 28.19727056421811], [83.27369612069441, 28.187643015400237], [83.27806347201381, 28.19106364088506], [83.28046342423403, 28.189770044061056], [83.28774214296683, 28.192720629869594], [83.29821136077241, 28.192984507880045], [83.306303934829, 28.197907738237348], [83.31652257928124, 28.19040601008306], [83.32499937804558, 28.190522559837262], [83.33023470328354, 28.18907508146673], [83.33816962114003, 28.190086042640928], [83.34430867321119, 28.193436387762834], [83.35032878442745, 28.19451418901299], [83.35255255087083, 28.19777111161909], [83.35553609306969, 28.19750092987175], [83.35583977311533, 28.19574034530557], [83.3625212513787, 28.19242830770556], [83.36439849274811, 28.18614272283338], [83.36990019223389, 28.182775111056067], [83.37049172982141, 28.176546689090262], [83.3753346199578, 28.174452701227153], [83.38422393838815, 28.16384898726078], [83.39012958135075, 28.167394812491604], [83.3947849839808, 28.155938990427988], [83.3997754099145, 28.150871338413893], [83.40613666408464, 28.148503147785927], [83.40680662361046, 28.145857462292717], [83.41124999911759, 28.144110123901804], [83.41361511148044, 28.13782135796728], [83.41822057034595, 28.137148486793343], [83.41983507114624, 28.128823645768374], [83.42331585870946, 28.12524671035526], [83.4387573095345, 28.131041157202965], [83.44602088504554, 28.12509218285456], [83.45114679950467, 28.126452882716737], [83.45751039886335, 28.1323913097453], [83.46261238595484, 28.12997716702213], [83.46672604415554, 28.13212746802762], [83.473708668391, 28.13234617554464], [83.47825378795461, 28.13015488035907], [83.47657546529834, 28.122676413501253], [83.47412636083733, 28.119048271782155], [83.48246546609289, 28.117263806090815], [83.48577740757264, 28.113371086056944], [83.49000689796088, 28.11367111978384], [83.49967596979305, 28.117535347139473], [83.5054842891479, 28.12573230931245], [83.51035111372722, 28.12702007535675], [83.51703382299604, 28.12148936654199], [83.52092195487693, 28.120038743176128], [83.52534341031276, 28.120888918679704], [83.53198841365966, 28.116593595562836], [83.53815745927949, 28.12016554847516], [83.54429912368599, 28.120903508663183], [83.55429173186444, 28.11716649806249], [83.55519305895992, 28.106631221640598], [83.56504459977764, 28.100787963053623], [83.56264488317576, 28.092823092212992], [83.56716464923751, 28.08975337587867], [83.57516118197557, 28.087610189341305], [83.57641187444922, 28.081761803167094], [83.58067725792183, 28.07755824944391], [83.57254391835887, 28.07367517153044], [83.56744545107536, 28.06498001420001], [83.56096239171869, 28.06435253787317], [83.56402659899462, 28.058103840748164], [83.55916633247243, 28.043640275705968], [83.56404748469, 28.0407116145256], [83.5615609095338, 28.035769590361884], [83.5704495280576, 28.032736122705604], [83.57843293722352, 28.034001686979007], [83.58429530195183, 28.02607805842467], [83.58977281849329, 28.026150882530303], [83.59115240610684, 28.02161119149977], [83.59639259701241, 28.02074453472512], [83.59882025293032, 28.01517226617699], [83.60327549214102, 28.013966941687112], [83.60492011994846, 28.012067451978282], [83.60332061111494, 27.99730096036798], [83.59340458155172, 27.989463528013378], [83.58414373038786, 27.987509131642167], [83.58521862192136, 27.97893455330517], [83.57911180529084, 27.979389796999634], [83.5776063490527, 27.97442616484446], [83.57014225296157, 27.976050032229], [83.5587310708385, 27.973728450966647], [83.55433260707339, 27.976489322942175], [83.5499750570149, 27.97682710219875], [83.54624584552363, 27.971391104523356], [83.54115208717457, 27.971441900161416], [83.5341528277287, 27.968467382404512], [83.53103393779215, 27.964792795324488], [83.52676710117727, 27.96649964035319], [83.52185543003588, 27.96393998850545], [83.5112004124787, 27.967510132332702], [83.50040730416218, 27.97691774244164], [83.49157814141654, 27.978629395349245], [83.48641514602205, 27.98188833493751], [83.48288886982276, 27.981701363419575], [83.46665505009302, 27.96424477868359], [83.4616040416796, 27.95389433583499], [83.45593206244826, 27.949851621367152], [83.44349287913279, 27.944856457114508], [83.442922176272, 27.943130481010392], [83.44541834806728, 27.93937286059551], [83.4403013604988, 27.9351670431437], [83.4402941569636, 27.932755200687726], [83.44892401939008, 27.928496652110407], [83.4526640664391, 27.93273275782752], [83.46050248665487, 27.93443321718017], [83.46826200122231, 27.928299639782097], [83.48387845572685, 27.92273674900228], [83.49048807722635, 27.929195881444077], [83.49798855386129, 27.927001128781097], [83.50593077656994, 27.928584350695836], [83.50981398929277, 27.932984131927633], [83.50503772377911, 27.934471863663404], [83.5029179562713, 27.937153588527888], [83.50587612962171, 27.940252849594632], [83.50871817640935, 27.94082027648813], [83.51637034339393, 27.93740907497751], [83.52297241110942, 27.929989034036375], [83.52190206829935, 27.925933324543486], [83.52408705936466, 27.9241585180522], [83.53063003594546, 27.932160948415408], [83.53101304103818, 27.939203749918267], [83.53681093029022, 27.93711833767613], [83.53633691373031, 27.93129586072525], [83.5379298240184, 27.92811554852395], [83.54522320311807, 27.929288235635447], [83.54846735309316, 27.92814376333941], [83.55279393636296, 27.92959050708959], [83.55986882974867, 27.934899440663585], [83.56562581384571, 27.93468535662017], [83.56762806508347, 27.940399678920024], [83.57102649958838, 27.94306354835517], [83.57640995267488, 27.93725934368729], [83.57344963735446, 27.931709117326328], [83.57462794484712, 27.930266578901797], [83.59296360260608, 27.931217699728915], [83.60070452751724, 27.92340921001346], [83.61078952355643, 27.925202446212673], [83.61644116684612, 27.930621786347213], [83.61907452624196, 27.929336317073748], [83.62039009238195, 27.926508468714875], [83.62615195482931, 27.926095529139616], [83.62674664949895, 27.92480671714374], [83.62101554756073, 27.917684092669834], [83.62699480654618, 27.91467264362624], [83.63350807028016, 27.914180221345696], [83.63147616602052, 27.91024229857365], [83.63250330615767, 27.902030373519022], [83.63431661358756, 27.89937964126603], [83.6410257873263, 27.90242283835762], [83.64477098444078, 27.898567743086566], [83.6490453429045, 27.902373586021316], [83.65497711064094, 27.902512597838435], [83.6658654598401, 27.919814935104824], [83.67030059046657, 27.924536446202985], [83.67626717823731, 27.927463330168187], [83.68200172329438, 27.92418271329136], [83.67956337355169, 27.920136233237077], [83.68305653958828, 27.916439684011525], [83.68605373215964, 27.918170196958627], [83.68943604863858, 27.923937971479678], [83.69833442800106, 27.91700873320244], [83.70144454638948, 27.918531639754267], [83.71104355236623, 27.916616330999265], [83.719114969251, 27.920240621042876], [83.72313717738366, 27.913859261799], [83.7335921302565, 27.90870419737523], [83.73512425316153, 27.904535536997333], [83.7430152215434, 27.90011255599472], [83.74629341252252, 27.89988400038951], [83.7475125957069, 27.90143618841226], [83.7425314503233, 27.90467588408258], [83.74474490485899, 27.907983053331524], [83.75071468781832, 27.907111847100484], [83.75711284497638, 27.90314111494527], [83.7582150437066, 27.904695301065935], [83.75618241769193, 27.909222110472925], [83.76227108192806, 27.90999307082741], [83.77506687890605, 27.903361104656284], [83.7885965455991, 27.885511245541917], [83.79739542869594, 27.882514702589535], [83.80722435045068, 27.873262574136294], [83.8160566552798, 27.874195244899806], [83.82091793928157, 27.877793428529365], [83.8359419611274, 27.869854551297365], [83.84550995977135, 27.868525386639533], [83.84745654868206, 27.872633855654495], [83.84366108508134, 27.879544848508775], [83.84520532835691, 27.881653876033283], [83.85102836059498, 27.881308316312076], [83.85159890901689, 27.874616986402767], [83.85838596077788, 27.873586369283032], [83.86122221615253, 27.87641852849424], [83.8600686781366, 27.880002435862444], [83.86112381773161, 27.882367989829106], [83.87330761559282, 27.885642185595444], [83.87755356342652, 27.888396311008236], [83.88039832671551, 27.887419629238124], [83.88099803038335, 27.882373034412534], [83.89238112950596, 27.886150236791426], [83.89932320414793, 27.88288401225237], [83.91013431146487, 27.880290096656296], [83.91378749691177, 27.8777970656929], [83.91074099888051, 27.872738978156363], [83.91382580610141, 27.871141294379314], [83.92038023671506, 27.871560355564704], [83.9247716509807, 27.868271031913572], [83.93220170651932, 27.87250525906466], [83.93683380203825, 27.877728292543182], [83.93920885324341, 27.878112918281644], [83.94846497186612, 27.8694890268506], [83.95276845218085, 27.869925989824385], [83.95828353290412, 27.873052538968242], [83.96810465160374, 27.87031168427597], [83.97154927304213, 27.87265664930238], [83.97434161515454, 27.868029673104306], [83.97845360258101, 27.86612840744202], [83.99428186633877, 27.86627438240733], [83.99676770148375, 27.86416267439812], [83.99792301210863, 27.856110297189222], [84.00036702661558, 27.854745270793607], [84.00663806512753, 27.8548127971138], [84.01709899159461, 27.85121553096839], [84.02134704907677, 27.851257778171856], [84.02260160590785, 27.852572989819485], [84.02164856838364, 27.854691720312832], [84.01535640215083, 27.858160311886177], [84.0173693860861, 27.86135486550039], [84.0200855128517, 27.861956913851703], [84.02854074184054, 27.856457040168525], [84.02247420063853, 27.84849829439515], [84.02232312803265, 27.843557179153652], [84.02026851543937, 27.84089295075529], [84.02502473913455, 27.835283219039358], [84.02675403818367, 27.820635510914105], [84.02501137551586, 27.818361565770367], [84.02175279517787, 27.8191563196543], [84.02013165713022, 27.817994586541182], [84.02011471005676, 27.815334516390696], [84.01508307349208, 27.81173195416732], [84.01237732103087, 27.801256611821056], [84.0068128193583, 27.79754324164857], [84.0003524731438, 27.7886583866637], [83.99954194973228, 27.775824912256574], [83.99287460826717, 27.761529232202253], [83.9923517034675, 27.753636876217847], [83.99433953972255, 27.75153865807001], [83.98995004360737, 27.74927992280484], [83.98540116947473, 27.74808821253519], [83.98058628434171, 27.749452641792924], [83.97607885773854, 27.74757249454378], [83.97236378337702, 27.747928281670262], [83.97074433630097, 27.749861581305794], [83.96568768849652, 27.74699270344184], [83.96050866505533, 27.748349503023313], [83.95829124337406, 27.746539445794465], [83.95050944890396, 27.747549925849356], [83.94650686533227, 27.74380533019287], [83.94478227466114, 27.744185956932522], [83.92837770586154, 27.734329917632284], [83.92498835035987, 27.730700070822426], [83.92417834245107, 27.726864031176763], [83.92147864198581, 27.726797059964397], [83.91901366726066, 27.729597894509066], [83.91597909135898, 27.728470262384388], [83.9131320462375, 27.731126355339786], [83.9066391521436, 27.731564405855586], [83.90821095436894, 27.73425031098022], [83.90451923012294, 27.735716623112303], [83.90312426097613, 27.73071355654332], [83.9006208475361, 27.730481665245794], [83.8988786748891, 27.732050747147817], [83.89647009431057, 27.730092825632756], [83.89310695656773, 27.731335662952088], [83.88876261716304, 27.73025375827374], [83.88363933536384, 27.73508018274419], [83.88012495592329, 27.733497836799245], [83.87679073039888, 27.735911317514617], [83.87558419131894, 27.733234355107275], [83.86909483918424, 27.734724248589693], [83.85171186682813, 27.733312368159858], [83.84496923258807, 27.735067109012146], [83.84183342194525, 27.730487851421152], [83.84411774083064, 27.72734073349945], [83.84452701765532, 27.716332986914317], [83.8488501468844, 27.712080249336026], [83.84628334815105, 27.709539128441318], [83.8385659103213, 27.710985633922615], [83.83360938794019, 27.714039220780865], [83.82495216593036, 27.714064653148913], [83.82044820393408, 27.710674518570855], [83.81570796938897, 27.71354050069184], [83.81093152605132, 27.714355294135885], [83.8014404716614, 27.72136570537798], [83.79234123499008, 27.721914147044437], [83.78663031859521, 27.72474380412474], [83.78233200939698, 27.725095896659827], [83.76380172741703, 27.721699180778728], [83.7598331776473, 27.722572294051215], [83.75637593091086, 27.720219769273015], [83.75114361264947, 27.721029491678326], [83.74520750066756, 27.719179822801085], [83.73943065828277, 27.71508304700637], [83.73232355880502, 27.71422339521797], [83.72859621103137, 27.709177921678332], [83.72157643022128, 27.710723054279345], [83.71430093195957, 27.71568999694101], [83.6951551622588, 27.71606430647995], [83.69158083667513, 27.71885187620494], [83.68224091805244, 27.720947110018702], [83.67707389800997, 27.71864955650142], [83.68279451860984, 27.71823411416165], [83.68961586534505, 27.707803223096413], [83.68977445974933, 27.69822584466141], [83.7006868076661, 27.688771361855494], [83.70461958003104, 27.68288651594208], [83.70170430610759, 27.68149041064464], [83.7022772076811, 27.67933917700201], [83.6993748974309, 27.676462957025432], [83.69885689875993, 27.670017972416037], [83.69538351714121, 27.661540438547217], [83.70333282038712, 27.662209743548736], [83.70590528924393, 27.65895045257526], [83.70811180330887, 27.659176151518217], [83.71039770431048, 27.661588403551242], [83.71523054032187, 27.662753619967415], [83.72045933496656, 27.66994141962005], [83.7251893456875, 27.6725049449006], [83.73316384305515, 27.669323413401994], [83.74084756280853, 27.66971930258735], [83.7447923405363, 27.666872493522288], [83.75829347025788, 27.667469763233893], [83.75917842354983, 27.66364468572033], [83.76275824069427, 27.661243392939923], [83.76827221922893, 27.666651984357046], [83.78320859868073, 27.667057479923933], [83.79971974215339, 27.665559359352862], [83.80625892020956, 27.662915258382636], [83.81185524781476, 27.662415261360618], [83.80986914063796, 27.65551973132526], [83.81263506323646, 27.653339407588202], [83.81017941524478, 27.648602424138943], [83.80654148087626, 27.647604648729043], [83.8085831157774, 27.64591077022142], [83.8078445780303, 27.643172882153348], [83.81034186795341, 27.639994956693076], [83.80986320124875, 27.63550435607963], [83.80246812040185, 27.63231716038688], [83.80102329964696, 27.62962788146788], [83.80522177811778, 27.620917919664937], [83.79730509236407, 27.62031985701143], [83.79968111963497, 27.61196158639089], [83.78993758075225, 27.606412506882695], [83.80106972765535, 27.596203406567128], [83.80621859074732, 27.596964289634947], [83.80941444384882, 27.595450222720153], [83.80811899020867, 27.588769870888658], [83.81508879775227, 27.589609647701188], [83.82154919375157, 27.592724961231607], [83.83618375150121, 27.585802678319318], [83.84151566200885, 27.572661445324826], [83.8316319169302, 27.56572298976596], [83.83281744299921, 27.559226281589645], [83.83738292038508, 27.551350434866862], [83.83611632879851, 27.54509898222067], [83.84187261070316, 27.54930012442116], [83.84161988941119, 27.55629211370044], [83.84720813371139, 27.560375452081697], [83.85069413189348, 27.559054872928435], [83.85525509593297, 27.548552077562928], [83.85884211191721, 27.54560902150842], [83.87048158252621, 27.541337891421485], [83.8824333057365, 27.527934779009556], [83.88274341125947, 27.523379508084894], [83.87831705469664, 27.52040196163228], [83.87575158009611, 27.510469508862403], [83.88084345418237, 27.507750704612313], [83.88714560433526, 27.50843279812282], [83.89394340436667, 27.504236902500047], [83.89770288035128, 27.498840320361708], [83.89169323128637, 27.499393118624333], [83.88681694557881, 27.495754313142466], [83.88365717102297, 27.496198414374447], [83.87472623289878, 27.48937658549423], [83.8776992280121, 27.485227565968195], [83.8850988823401, 27.481181540456], [83.88667033590974, 27.4724372909843], [83.88369044727732, 27.464205989956003], [83.88980293178426, 27.46171774170979], [83.88718151358381, 27.455799487121407], [83.88774760940667, 27.446573827949432], [83.88909961083165, 27.4435559321831], [83.89555804768055, 27.437823045655612], [83.91346429068585, 27.441492790899716], [83.93122446900972, 27.44963456892098], [83.93544319489772, 27.451040004541863], [83.93935616155309, 27.45517762617964], [83.94460320448479, 27.465847804203467], [83.93875456359108, 27.491587832682914], [83.94114751459621, 27.49390834669153], [83.96353316899082, 27.50388446529724], [83.9681103536609, 27.50830344638798], [83.9694992230987, 27.51542694996466], [83.96488394057688, 27.52325979821056], [83.9530424322059, 27.527597480639578], [83.95093367049625, 27.52651598498695], [83.94633380541956, 27.518538199075433], [83.9419288777747, 27.515788257019768], [83.93122135130838, 27.51308478035409], [83.92564556016968, 27.514785419162855], [83.92174000830572, 27.518573894192258], [83.92225689399231, 27.524402250502543], [83.91994109535797, 27.52666863650001], [83.91877313186824, 27.533084851677568], [83.91975879586019, 27.54070042837722], [83.92445159881768, 27.54464257984569], [83.93176286143753, 27.54550142372243], [83.94102276710963, 27.541602350358325], [83.94847574068011, 27.54023114687437], [83.95439646190984, 27.543080728455926], [83.95775754095156, 27.548451793279604], [83.97040969498565, 27.55060309912106], [83.98536145859909, 27.543951609374922], [83.99315992910174, 27.543564198498597], [83.99892018910953, 27.545588226551097], [84.00556150943396, 27.54482320762484], [84.01830074902716, 27.5385179659049], [84.03117537497359, 27.537265709091493], [84.03885454298121, 27.540582774324562], [84.04403400910473, 27.552284732260812], [84.05060243167902, 27.55654463386128], [84.05656953439001, 27.555531502602776], [84.06442744285367, 27.551399055279457], [84.06757113457012, 27.55224140129682], [84.0708710994775, 27.557436043750485], [84.07466243084416, 27.5595685330204], [84.09026976207275, 27.5547217674858], [84.10068545666039, 27.553906872269717], [84.10730343147326, 27.55176966448377], [84.11471385592073, 27.55334769631449], [84.11940048891424, 27.556407802521523], [84.11983710979426, 27.560116786319156], [84.12564722482152, 27.566122519555286], [84.12776159210497, 27.574836576737656], [84.13526834860026, 27.584590184144222], [84.1416596056985, 27.588877581290255], [84.15110860599972, 27.59847035754018], [84.16426313527845, 27.606997722969894], [84.17641872796645, 27.61914868526528], [84.19695564261436, 27.631334269350994], [84.20667927080433, 27.638804179939285], [84.21817571641778, 27.64360598347963], [84.22887476126043, 27.645407232071], [84.24105483247878, 27.651855334602537], [84.25033505560798, 27.654183141355418], [84.25791873192988, 27.651143593134698], [84.26228036007329, 27.65660454128604], [84.27097345919175, 27.662993346563542], [84.29237195170762, 27.668367124209375], [84.3139693539813, 27.680323124956836], [84.32297297604927, 27.686572510079543], [84.3253610771595, 27.6940260603523], [84.34371579287792, 27.70231628034371], [84.35030209498711, 27.702852582767644], [84.36007094841757, 27.698330827852114], [84.3651970179831, 27.688606597588862], [84.37291266614916, 27.6829002931007], [84.37888615433901, 27.681345338078543], [84.4068524734979, 27.69583902081683], [84.42998428607092, 27.7050647946457], [84.43134310283756, 27.708453884563536], [84.43074883951572, 27.713196072212053], [84.4220423859523, 27.741335333581585], [84.42688553142588, 27.74254104928604], [84.43306586152602, 27.74122226368545], [84.43705292550194, 27.742847741326898], [84.45056031021505, 27.75935364561266], [84.45768211452071, 27.759357380281017], [84.46791733645719, 27.75199045395254], [84.4706794037191, 27.7521976649291], [84.47198225564235, 27.754097451463476], [84.46736861314946, 27.76720132132044], [84.46059657177179, 27.77373093862591], [84.4490862595705, 27.77837590397324], [84.43933686538877, 27.77847724422022], [84.43127483398328, 27.786888859447895], [84.42988983779783, 27.79289017055926], [84.43233356331184, 27.81274378825781], [84.43534042734511, 27.815274793856307], [84.44021531581684, 27.816597186638578], [84.44509804344641, 27.82291694065957], [84.46492792393072, 27.818937107475385], [84.46617923712125, 27.820038465273072], [84.46540551000707, 27.82411570961891], [84.46852990223418, 27.824355549334143], [84.49279452579681, 27.819420307738802], [84.49644213710388, 27.820907605878393], [84.50297679274344, 27.819706252908762], [84.51141831678387, 27.815521638246693], [84.51709842489166, 27.81615929383893], [84.52036701209703, 27.821383559407675], [84.5203445366854, 27.829844294225506], [84.52196164797134, 27.832331219537974], [84.5391711480257, 27.833713550308293], [84.54611551357677, 27.831793331004217], [84.55517604299058, 27.835815984522252], [84.55807610132585, 27.845068068349853], [84.55686023488275, 27.85276647738812], [84.55878756323071, 27.857965849333496], [84.5674286462763, 27.85893683435524], [84.57632612317043, 27.863606238064754], [84.57694752075092, 27.87093158639315], [84.58053747434325, 27.87439551624515], [84.59073270032094, 27.879836871562407], [84.5960408782207, 27.876303461106936], [84.60341310360029, 27.87546596518097], [84.60496589814798, 27.87219678407048], [84.60856405757033, 27.871625954994858], [84.61375021371576, 27.873092028635483], [84.61496840917837, 27.87716342960296], [84.62090336694446, 27.880539092359612], [84.62683681273876, 27.878179399692165], [84.62762751656939, 27.872090961520172], [84.63380813408938, 27.86890190967674], [84.63389068874365, 27.862471554218214], [84.63549620411263, 27.86037726867285], [84.64898098916605, 27.859745975154496], [84.64993482295553, 27.858566033752584], [84.6468815464542, 27.855135296911357], [84.64730533771267, 27.85339608472866], [84.65526336332317, 27.85238161421433], [84.660000032084, 27.849985593033363], [84.66398637641169, 27.840594503069003], [84.66116160868503, 27.828889704132962], [84.66745351381745, 27.823083764223618], [84.66803346497264, 27.818541621547066], [84.67712350199388, 27.81575389088857], [84.68505980629418, 27.81034287903378], [84.70741260009243, 27.806690371832985], [84.70796117228748, 27.802565627811852], [84.71116997455128, 27.800504989245663], [84.71382687244972, 27.800486907632553], [84.71874884162064, 27.803750753389384], [84.72155045590732, 27.801340140036828], [84.7274488266492, 27.799923985624577], [84.7308418364828, 27.79560586572707], [84.73702507344923, 27.79906777557492], [84.7387873031391, 27.80406916491356], [84.7538482566029, 27.806469559483514], [84.75625907314134, 27.809012555963093], [84.7569525603732, 27.81451813297104], [84.76264273136864, 27.81823876186726], [84.76497285391518, 27.818507899329845], [84.76899100343184, 27.815627097742595], [84.76851551978996, 27.811704069311883], [84.77308459966697, 27.808653165737116], [84.77542847237576, 27.808824938219832], [84.78195295190517, 27.81348993220955], [84.78193628341992, 27.815777725475666], [84.7770333713828, 27.818898554399222], [84.77371820521061, 27.824200960461763], [84.77311674264973, 27.829474537925595], [84.77595831039112, 27.83534480285744], [84.77067412724799, 27.838905146968212], [84.76993245838, 27.842871027181644], [84.76756063066799, 27.843791157645093], [84.76803922146762, 27.851729885345794], [84.76535041211199, 27.853786657138123], [84.76509470957265, 27.859311029184976], [84.75934497092052, 27.85939243102222], [84.75603355072143, 27.861774976541355], [84.75340460075712, 27.873570681506727], [84.74595508195986, 27.880248647545784], [84.74924152743881, 27.88611241962537], [84.73751867907892, 27.890737441576718], [84.73576524403025, 27.89287884637436], [84.7376268505146, 27.897047186048276], [84.73322373589892, 27.907053837065614], [84.73509944392855, 27.915443234305325], [84.73341485636188, 27.924745052720024], [84.73201058296281, 27.925837682740777], [84.73264865524676, 27.927334557476854], [84.73643337831984, 27.928548445527223], [84.73641239903446, 27.930797866801687], [84.73413825494313, 27.93125222677403], [84.73389656063851, 27.93316886164231], [84.73937813909775, 27.936589139011556], [84.74107457180128, 27.947409187336373], [84.74653712470315, 27.955309747211803], [84.74588149168856, 27.960096178893195], [84.75720791964957, 27.96345899108711], [84.76071156560046, 27.967223081125063], [84.76915075613742, 27.967298021128947], [84.77472130882936, 27.97139305107133], [84.77515996573786, 27.97312327652222], [84.77146202425789, 27.975988895634938], [84.77163053637302, 27.97735515071286], [84.7768940191693, 27.97760527360093], [84.77857684526721, 27.98139720727866], [84.784066514724, 27.98329943534845], [84.78501612521599, 27.987039050117012], [84.78798043580177, 27.989352636892722], [84.78806874129856, 27.995292288908917], [84.7901529099656, 27.997992077753292], [84.79690675965989, 27.998144859289944], [84.79741629469372, 28.002369734125583], [84.80385241588432, 28.000428137165308], [84.81132943379411, 28.00294484143448], [84.81328379610449, 28.009331357695313], [84.80954620238546, 28.01686374058999], [84.81282530178859, 28.021311327314066], [84.81356974574919, 28.028435945370955], [84.80946835278735, 28.034659753697866], [84.80950096906898, 28.037989515807478], [84.81213045607905, 28.04295748298474], [84.81837771681198, 28.047700903161733], [84.81848631922217, 28.054321617492377], [84.82126268245851, 28.058257618413958], [84.82092544106496, 28.063150669990197], [84.82439678245045, 28.066712402874824], [84.8278763980689, 28.07513344585389], [84.83163526471289, 28.08482044058824], [84.83180989503492, 28.089568326344082], [84.8372675599615, 28.09495848734844], [84.83714995080307, 28.104143403433863], [84.84245892422503, 28.11071645587493], [84.84213288895516, 28.114578412759435], [84.84373807804334, 28.116321468521868], [84.84959769079754, 28.11853904840821], [84.854692679392, 28.12266063157124], [84.85904252880438, 28.12007287372615], [84.86233187298959, 28.12156829094996], [84.86936839788281, 28.120470316222526], [84.8728012059397, 28.116723834672268], [84.88099588428184, 28.11276863738004], [84.88538194933228, 28.10551217699236], [84.89244974800879, 28.099970855225806], [84.900430675102, 28.106691124729945], [84.91358281642842, 28.10290886548521], [84.91813551391398, 28.103422142166252], [84.92156799278403, 28.106600347550895], [84.92017687451298, 28.11531097436706], [84.92881725079522, 28.126320428250356], [84.93919719581632, 28.125753396711744], [84.94277772199098, 28.122579491817984], [84.94842048645991, 28.124902560335826], [84.95183123526472, 28.12421567649993], [84.95691257077661, 28.126761090891648], [84.95832000552264, 28.136079581655277], [84.95419996288315, 28.14349653140628], [84.95789064579768, 28.147175007727373], [84.95724481064336, 28.155549051694788], [84.96080131643365, 28.1596096162159], [84.9619101018172, 28.168959473968634], [84.96566836300943, 28.17450965674715], [84.96407038004968, 28.17793188381254], [84.96746528620812, 28.184853873362314], [84.97385413696277, 28.190281484740378], [84.97086601053971, 28.19449192980204], [84.97063025961405, 28.199115943857223], [84.9675313623261, 28.201948761952263], [84.96741114011273, 28.204433409768544], [84.9622620403295, 28.212175875562636], [84.9647331676986, 28.217365132023183], [84.97042547238607, 28.223436111645743], [84.9770622718202, 28.22672310803451], [84.9916047159397, 28.244706212889163], [84.99778173188909, 28.24047207206317], [84.99866778602492, 28.241246142239724], [84.99913028274655, 28.244473231087394], [85.00269098450656, 28.248079086849486], [85.00065455525511, 28.25166054098042], [85.0017476898535, 28.253254290172006], [85.02794395262273, 28.262405822742306], [85.03182564935327, 28.279264044732045], [85.03799325346482, 28.29189068661375], [85.03271897748228, 28.30284454477658], [85.04120716131006, 28.31186667632222], [85.04283471854956, 28.319704616497322], [85.04665776840831, 28.32586762045848], [85.05299340236252, 28.32701449373491], [85.06737104500324, 28.339285051710387], [85.08054959133399, 28.345883356192434], [85.08836854057495, 28.346371627793292], [85.09299952184547, 28.344671981865204], [85.10795567921255, 28.346604114416692]]]}}, {"type": "Feature", "properties": {"shapeName": "Lumbini", "shapeISO": "NP-P5", "shapeID": "38925275B41812398098692", "shapeGroup": "NPL", "shapeType": "ADM1", "tourism": 260000}, "geometry": {"type": "Polygon", "coordinates": [[[83.14543247896613, 28.747158559602575], [83.14153439414329, 28.74638494888548], [83.13237197311766, 28.748054347757805], [83.12768858112615, 28.74595791064939], [83.11365470573762, 28.743608547219832], [83.11217489875713, 28.74725100252844], [83.10261682045848, 28.75348597456949], [83.10227986206804, 28.76033446264542], [83.09821098012276, 28.766646070688214], [83.09515037259122, 28.767728676058844], [83.08505548013143, 28.77789502719434], [83.08176658032762, 28.779517142426258], [83.07926929290251, 28.786181615662066], [83.07257637133542, 28.78350114047609], [83.06838056544483, 28.7799894035089], [83.06517692435777, 28.78389224643083], [83.05797011059975, 28.7858182135162], [83.04572243807706, 28.786521720093297], [83.03609118215535, 28.79279193877022], [83.03008304797065, 28.793220311755515], [83.02235307413544, 28.790771237505947], [83.01233395952893, 28.79898358324054], [83.00515929169448, 28.799639231396363], [82.99738294826972, 28.803919409991515], [82.99049585811566, 28.801668767928803], [82.98690138817918, 28.802587005915683], [82.9809280419148, 28.800751025878274], [82.97585473838922, 28.803448828019185], [82.97375297425668, 28.809326942367267], [82.96588090026071, 28.816649776465106], [82.96586902120038, 28.82037605689116], [82.95665787872548, 28.82098186737093], [82.95066025875083, 28.82386776371024], [82.94965607186168, 28.827748765396333], [82.94721506544612, 28.829037985851233], [82.94207042115171, 28.827116588969776], [82.93726436565024, 28.828005875176412], [82.93021258516126, 28.827090732731648], [82.9175733990928, 28.83144708415687], [82.91031069919278, 28.831068326207152], [82.90487847189257, 28.83236200410115], [82.90384322431825, 28.829646740226387], [82.9008491971812, 28.829302102857294], [82.896106673815, 28.82473626958138], [82.89287301076399, 28.826717226741728], [82.88591789877525, 28.826154866403613], [82.87957429990036, 28.830448815837677], [82.87316658977502, 28.831191778755596], [82.86758372394857, 28.834264602107698], [82.86416591709529, 28.83193058174198], [82.85459439162634, 28.832237665516573], [82.84799987259186, 28.82744463893616], [82.84377920893272, 28.826524351346464], [82.8412529791312, 28.827016956457427], [82.83569401895434, 28.831672070951733], [82.83346165917496, 28.830292665460117], [82.82026957324179, 28.829945633046794], [82.81712272160519, 28.83134358354363], [82.79935475757074, 28.820700251233824], [82.79682314558882, 28.821570884410676], [82.79335977015141, 28.819918237660563], [82.78176050589234, 28.824293666752066], [82.7658352604524, 28.80860557821972], [82.76359446987631, 28.813673702350137], [82.76014539074602, 28.81612998781077], [82.7594317935163, 28.819856444846504], [82.75681431062253, 28.821140601623092], [82.75475306927235, 28.825641843679218], [82.74793117271747, 28.83273346396447], [82.74178751227088, 28.84586472386006], [82.73832522556486, 28.846071468261083], [82.73611673834048, 28.848015380776825], [82.72917724451287, 28.847749432303342], [82.7264173932384, 28.84636102043349], [82.72373525590544, 28.84978216645133], [82.71211810614324, 28.85155514858163], [82.70468605405797, 28.85465981817012], [82.695677962009, 28.864736569695896], [82.68544484538177, 28.86140048187948], [82.67848065709792, 28.85482280487851], [82.67267080245695, 28.852284581277942], [82.6694338005344, 28.85243314749133], [82.66555917239839, 28.853860960185898], [82.65846851770766, 28.860119654779176], [82.65607996938084, 28.866686574593402], [82.64859493535664, 28.869228169818356], [82.64419181768554, 28.867228355534376], [82.63797754023783, 28.8600292471764], [82.63676535486049, 28.85524204738592], [82.6299262503958, 28.853417869346526], [82.62473319921101, 28.84683753019807], [82.62605603463118, 28.839213755983288], [82.61767923600209, 28.82857230975204], [82.61368425055726, 28.826587062034864], [82.61912047719696, 28.814977150877258], [82.61973587541745, 28.80908751780913], [82.61327478093597, 28.80739726988153], [82.5962352400507, 28.792021140399637], [82.58970127887282, 28.790353827503292], [82.58949582892078, 28.78571894159191], [82.5869850449993, 28.782164922104617], [82.58145350587876, 28.780735601388475], [82.569770318892, 28.771294810490883], [82.56705838455056, 28.77068870339708], [82.56676129401725, 28.767584174514425], [82.56186526549897, 28.767775712878105], [82.56470918256164, 28.7648760202394], [82.56371349204817, 28.758703390405884], [82.5671441222648, 28.756937602065907], [82.56603044559962, 28.743922665518394], [82.56859952652879, 28.74446415156582], [82.57420596475419, 28.74059877502401], [82.581653320735, 28.741229759490572], [82.58805179198288, 28.73995921712483], [82.59193175667757, 28.740561279099396], [82.59560076301402, 28.743856463016066], [82.60141811895633, 28.74291081949815], [82.60528190416058, 28.715667519289713], [82.61265502209064, 28.71279538875672], [82.61532577402329, 28.710052866951987], [82.61244142078499, 28.695874136930076], [82.61590293835988, 28.689796997378647], [82.6039744713026, 28.687218129703194], [82.60065989845148, 28.68487423766881], [82.60104486730665, 28.676814550916255], [82.59891817002051, 28.669103295552517], [82.59206349651907, 28.667624710786168], [82.58670666214717, 28.663908103913485], [82.57894757074261, 28.664702046558038], [82.57496702798967, 28.658793474625202], [82.5662889331152, 28.65279909371527], [82.56069292613668, 28.646568528899845], [82.55466247381098, 28.644054800629256], [82.55188794563773, 28.64554768683361], [82.5392125687795, 28.6469791890887], [82.53659217883232, 28.650196605122172], [82.53353846960279, 28.650012454406944], [82.52786539908027, 28.654784559054292], [82.52451096674264, 28.655366021401274], [82.51924658318698, 28.66069026871703], [82.51726827705843, 28.661212254812664], [82.5133526514816, 28.659461861861452], [82.50561233753406, 28.662058451708482], [82.50140024216489, 28.66776348951405], [82.49982486203972, 28.6624703948002], [82.497677604216, 28.661630629443614], [82.4947285469739, 28.662671430066492], [82.48993362990895, 28.65932067288544], [82.4910461758591, 28.651833630442635], [82.48581483398588, 28.640649591121164], [82.50691997382192, 28.63063081126839], [82.50835739380477, 28.62777984473031], [82.51841171845437, 28.624574468223216], [82.53395388818487, 28.623541343827203], [82.53988913663386, 28.620763433407735], [82.54381775406549, 28.622939412374585], [82.54355948032087, 28.626256852336137], [82.5479718691405, 28.627111710118317], [82.55149211435783, 28.625245681752148], [82.54696396510661, 28.622334887231244], [82.54578738151508, 28.618465228176152], [82.55343159083102, 28.61549304663961], [82.56124007071351, 28.610092842641116], [82.56874194073261, 28.60971660744801], [82.57775019848081, 28.614559411515096], [82.5794076149615, 28.613769319709498], [82.5806084229383, 28.611932319169203], [82.57869773093464, 28.6022065653579], [82.58101746161236, 28.599828630406346], [82.58120495246528, 28.591983419261386], [82.57914908054408, 28.589837151573725], [82.58082525553704, 28.588379496609306], [82.58058039106018, 28.586184507784267], [82.5773418015604, 28.58415889938508], [82.5751216193259, 28.579644785941387], [82.56824058029046, 28.577900912574655], [82.5568982666068, 28.579652842202833], [82.55341938725658, 28.58165254597369], [82.54419822316824, 28.573045899550436], [82.5349930121391, 28.57050169385431], [82.53303422939351, 28.566152193978137], [82.53035637520642, 28.56417440016142], [82.52905703240873, 28.5582597399205], [82.52596025890576, 28.558060062164667], [82.52131860030478, 28.553978737121973], [82.5166536456087, 28.554608342011544], [82.50902873464798, 28.55124973377829], [82.49979568234014, 28.55401703685509], [82.49233558711066, 28.552733550537383], [82.49177403684354, 28.548756486797554], [82.49412588329959, 28.54360591884811], [82.492971843731, 28.54009031123875], [82.48456944320932, 28.53545759998124], [82.47962220013318, 28.530443369975643], [82.4727671456045, 28.529297630543827], [82.46685713125453, 28.525750436872308], [82.46295067463222, 28.52129485683384], [82.4442798534958, 28.522915698574888], [82.433586609637, 28.526355921072263], [82.4294747585644, 28.524610650257785], [82.41818154901317, 28.528775823667484], [82.4165588084842, 28.523390049336363], [82.41705475261703, 28.517741010546846], [82.4143467588898, 28.51346127709358], [82.41187899132181, 28.512988264661857], [82.40751777953396, 28.50374095978343], [82.41175341489708, 28.496506477758164], [82.41168864116061, 28.492688316129524], [82.40941416559785, 28.488642504994726], [82.40575769479803, 28.486615796526312], [82.40564341752999, 28.4782204204034], [82.40041813540623, 28.46984404699856], [82.39607369693513, 28.468461432668928], [82.3956246485866, 28.46046303816823], [82.38356647785037, 28.4560636529317], [82.37382642692982, 28.448332981933575], [82.37691191463256, 28.43645675644122], [82.37661824108017, 28.430381363543873], [82.36922893794063, 28.426102468543462], [82.35118641040559, 28.423945857829228], [82.35038374138453, 28.421910159507856], [82.35391045106618, 28.414934475940225], [82.35322012277096, 28.41045250463235], [82.36104429459573, 28.408170760222504], [82.36559376825893, 28.403201092661984], [82.36257707630963, 28.394576283152837], [82.36359036095507, 28.388342747464808], [82.36655279920569, 28.38693479181], [82.37516011972095, 28.377354105545624], [82.38359074923537, 28.37284763533329], [82.38282724480513, 28.36471243721256], [82.37609876000039, 28.35853453797335], [82.37852415327711, 28.3566400577015], [82.37931738057412, 28.35177557957208], [82.36599162708349, 28.343976491254324], [82.36319124692466, 28.340864550492487], [82.36419329744726, 28.330191860930707], [82.36736624877244, 28.329968361925697], [82.36680599956404, 28.32354300881555], [82.36350695071035, 28.319558643488335], [82.37253507924366, 28.31772668464097], [82.37609045698423, 28.315164532144788], [82.37751716691217, 28.310063522186898], [82.3762976753023, 28.304677999165186], [82.38248909782297, 28.297088157363056], [82.38160323746338, 28.295982810955007], [82.38360941720399, 28.29169023239825], [82.3863768073664, 28.290893031623757], [82.39525956352217, 28.28296169494111], [82.39551263067163, 28.27711011271485], [82.40350295459035, 28.265034706810475], [82.40361204889254, 28.262229779271067], [82.410259786763, 28.258281482399457], [82.41330670225248, 28.25388980297175], [82.41975033750776, 28.25373053189407], [82.42409760769344, 28.251244631042617], [82.4277766587583, 28.2521964689601], [82.43010314059862, 28.24962098765233], [82.43732603290549, 28.24666929707631], [82.4351080732181, 28.24353905442256], [82.42687919667812, 28.23903260488746], [82.42764393812968, 28.230080876222985], [82.42417406594652, 28.228089136763174], [82.42202826181625, 28.22986188243132], [82.41889880881457, 28.22981771763881], [82.41487681323595, 28.224714069695104], [82.4068491514544, 28.22071639031385], [82.40374070076652, 28.213202976362755], [82.40058511224282, 28.19242184287108], [82.4035431537504, 28.18503337307867], [82.3992406309103, 28.18018932134149], [82.4014149042087, 28.176402260907246], [82.39846597427643, 28.170055491645563], [82.39650187824411, 28.169150673956832], [82.39396151996134, 28.173471493411178], [82.39687802887394, 28.182773678676075], [82.39283152282604, 28.189304647420766], [82.38710061884645, 28.1885665750363], [82.37808890199884, 28.18456794454021], [82.36714746943193, 28.189868121430152], [82.36309239496693, 28.1967953036061], [82.35880261856114, 28.199145592175753], [82.35493659026119, 28.20558119801945], [82.34716645735968, 28.20868518191142], [82.34608671796158, 28.21639464648863], [82.3375728029572, 28.223556684119195], [82.32718204650486, 28.225315881003397], [82.31244387684654, 28.223421167917362], [82.31018703770911, 28.231680814670057], [82.30225240112502, 28.232670178910222], [82.30040054488427, 28.245989990562137], [82.29716874452714, 28.245161272909076], [82.29171107444978, 28.246904788420192], [82.2872785048586, 28.245728461482756], [82.28186287807544, 28.248229095950222], [82.27549073153966, 28.248512045500384], [82.26489017955905, 28.243706531972105], [82.25832356453309, 28.243683632148507], [82.25601350576989, 28.23974152557205], [82.24800021362347, 28.2396028678966], [82.24400346861866, 28.23794515436037], [82.23318301505493, 28.23998994394688], [82.22331839807639, 28.247768532881274], [82.21781285690342, 28.249683282315644], [82.19869842311962, 28.242958518334994], [82.19002143590923, 28.248394088111645], [82.18241050030792, 28.24980460675291], [82.1758281507164, 28.249026714732594], [82.1694505281734, 28.25159220473993], [82.16671729810355, 28.250101868162453], [82.16083498319651, 28.241800928177476], [82.15347473493455, 28.24116844948269], [82.15292148792943, 28.238107411813854], [82.1490338664271, 28.23924100525167], [82.14381966787411, 28.237152939446432], [82.14259000267592, 28.241880175784726], [82.13282146548977, 28.251566777882356], [82.12598352587247, 28.254391238076476], [82.11771500271894, 28.251569387036295], [82.11163970736268, 28.254571779147767], [82.10834664938079, 28.258311640625905], [82.10081983958496, 28.25904472229548], [82.09397957920493, 28.255095556424276], [82.09170973318618, 28.24935449275142], [82.08128346441455, 28.248613983519007], [82.06969180733186, 28.23944492401743], [82.0686614863767, 28.237086564426807], [82.06182084728029, 28.240688328453157], [82.05431339668756, 28.242142782351344], [82.0510233813323, 28.239785955525416], [82.04632720770059, 28.232064042030064], [82.04221404356188, 28.230218531173048], [82.03938413674692, 28.22140155634775], [82.03569144989912, 28.217608105465995], [82.03687708243602, 28.215110914160167], [82.03094327395603, 28.214129300581188], [82.0269463453499, 28.208488078788903], [82.02628731715559, 28.204358013244168], [82.0231218963985, 28.201253705943696], [82.02922064176691, 28.193909347047494], [82.02924007564778, 28.187737651347348], [82.02809951500605, 28.185631761005926], [82.02249078975113, 28.184516414146152], [82.01822481363602, 28.181857690191126], [82.0128241301672, 28.170040773990372], [82.01499831470942, 28.164090423360356], [82.0110850203365, 28.160695602818297], [82.01204630398641, 28.154228391579068], [82.00761427475578, 28.151110104711286], [81.99818540225215, 28.163676343571698], [81.98706309726174, 28.172384347888368], [81.98474175106703, 28.177190837770837], [81.97993047357343, 28.178315562550104], [81.977924136765, 28.182896565318146], [81.97320977108684, 28.184981043038036], [81.97073822437208, 28.182362462389904], [81.96882350234904, 28.182547433032966], [81.96526864927795, 28.184521310304635], [81.96312955547997, 28.187320244341425], [81.96420818303619, 28.191892519654253], [81.9626900949471, 28.194429040034148], [81.95195698921343, 28.194116120936947], [81.94657890499306, 28.19924253081897], [81.93853093623194, 28.20179040787484], [81.93865292982605, 28.205353008388443], [81.936113542533, 28.20765301502137], [81.93111606484594, 28.207687289877853], [81.92670683901626, 28.209495231155714], [81.9269508402733, 28.21584612038593], [81.92091672663425, 28.2203889272597], [81.92246522307875, 28.223997318271135], [81.92157265639348, 28.226913373833067], [81.91401836086466, 28.228426122762812], [81.90931024408765, 28.232281267437667], [81.89650589071034, 28.233329064067167], [81.88863776712385, 28.23690194414445], [81.88709160549918, 28.24036810433236], [81.8829005545143, 28.243549005959835], [81.87676751804617, 28.239196201406415], [81.86092166264002, 28.238739660057405], [81.86425923016223, 28.245129989904893], [81.86467378310556, 28.249846748554532], [81.86150224766959, 28.255116346036], [81.85419777412449, 28.26014103671001], [81.84355463604335, 28.27203948661227], [81.8311574587017, 28.274290241171467], [81.82624757681893, 28.27701586331344], [81.81453075254822, 28.278807481304163], [81.80848218657232, 28.283023701042936], [81.80547004417348, 28.28219098737022], [81.79810905550225, 28.27366611531511], [81.79365184175956, 28.2738747876935], [81.79156263175726, 28.277110649833823], [81.79220727594273, 28.282004580789554], [81.78716249467725, 28.294714405032796], [81.78045564269961, 28.295172524944338], [81.77688532825609, 28.297960907897053], [81.7734439251017, 28.297536028073143], [81.76744761850378, 28.300793648990545], [81.7612291294859, 28.30923185083236], [81.75380159966298, 28.307497600813747], [81.7480692906949, 28.31248775326702], [81.7450898038365, 28.313286828575848], [81.74352198137142, 28.319057087379544], [81.74657950284175, 28.32675572952175], [81.75172096662902, 28.332241039247936], [81.75165709642054, 28.343721853209882], [81.75875146112087, 28.354287721214867], [81.7601533751498, 28.359279027544826], [81.76535563296278, 28.36538153299837], [81.7667112444302, 28.370176794791185], [81.76287830926928, 28.371141280454502], [81.75768796467919, 28.370069311483537], [81.75225312808696, 28.37437665535578], [81.73225933888543, 28.377641591038042], [81.72443405475668, 28.383140480578408], [81.72127074529475, 28.38236763565668], [81.71664596580145, 28.384144973971985], [81.71019805011257, 28.390096027725154], [81.70356334253857, 28.392587147831385], [81.69981489875175, 28.39711611824564], [81.69548756764624, 28.399585958442913], [81.68822455270198, 28.41061596787842], [81.68313254054273, 28.411442513026277], [81.67430769370935, 28.417638386999812], [81.66979293766235, 28.41336084873546], [81.65845699902613, 28.415453320575445], [81.6558500440194, 28.41891290467169], [81.64807915118217, 28.42305598232312], [81.64301034087599, 28.43032380707379], [81.63160428336784, 28.436371223248397], [81.62629192997963, 28.444494590548604], [81.6209115677018, 28.446136743659206], [81.61217036373546, 28.454365368569103], [81.60789314260971, 28.453642380932703], [81.60007448218752, 28.463003099985162], [81.59241066934587, 28.46903075451494], [81.58741003330303, 28.469027565932713], [81.5830537925692, 28.473869561134222], [81.57452180794805, 28.478546329470106], [81.57260048684834, 28.483377544183934], [81.56788615121594, 28.48560140213579], [81.55734798397583, 28.49500945724752], [81.55304434374658, 28.493382490217087], [81.54384343621793, 28.495161142373792], [81.5387586945488, 28.49469412085842], [81.53940495491723, 28.500130625594032], [81.5361378314375, 28.504109464716294], [81.53019904843642, 28.509380086577902], [81.5162193723746, 28.5135848282713], [81.51172337165997, 28.520153099493303], [81.51221067563895, 28.52425928722614], [81.50832474135433, 28.525692855159487], [81.50611755906657, 28.528308958170708], [81.49736084525351, 28.533579606541743], [81.49119520071807, 28.532428946641502], [81.48614008626105, 28.53916531991791], [81.47611462117057, 28.539809943877483], [81.47233773872594, 28.54859870426798], [81.46910892874858, 28.548451989260343], [81.4654598966256, 28.5538178826321], [81.45973341550099, 28.554259266928675], [81.45318339884489, 28.552289303292646], [81.44563726626814, 28.5541325352334], [81.44230115159831, 28.558125121998597], [81.43799721220194, 28.559569432673843], [81.43336583544978, 28.56360662262559], [81.43286557763597, 28.57200927567325], [81.43074202728087, 28.577358127098528], [81.42446668502102, 28.577668891583556], [81.42177055157958, 28.581368014689435], [81.42464986790456, 28.587806516235975], [81.42142634389081, 28.589269338040445], [81.41682380091855, 28.595579881210284], [81.409899800821, 28.59564834788259], [81.40152995642852, 28.602050897089846], [81.40029878402618, 28.603651731678006], [81.40098844924681, 28.606880191830832], [81.37935079459609, 28.612329595235806], [81.37052871601674, 28.617700546424402], [81.36460292279507, 28.623545927659677], [81.34553867882977, 28.624746384083327], [81.33991931062307, 28.62886868031039], [81.3300768584006, 28.631175965145495], [81.32330920541432, 28.635528223350256], [81.31636037692599, 28.6367830810125], [81.31589423977303, 28.641440392352848], [81.31089907287223, 28.647163983747657], [81.31024197300037, 28.651129169895572], [81.31201158026524, 28.652805724696403], [81.31631194041427, 28.652385192707488], [81.31697485025, 28.656171350336532], [81.32177801604341, 28.663545913381498], [81.31988181262942, 28.66870740941883], [81.30740443584294, 28.673018036273128], [81.30209682122441, 28.670598131426125], [81.30187756120834, 28.673082397697506], [81.30027163934884, 28.673929673429218], [81.29464428893763, 28.673290036053448], [81.29046539538224, 28.67475184683248], [81.28533836514183, 28.673314477055953], [81.28743611471317, 28.663530663296072], [81.28774331791801, 28.648645425681217], [81.28199637522602, 28.63935177909976], [81.27070787962496, 28.62962466425029], [81.26879476842373, 28.61786373260959], [81.25963054267928, 28.61213796106671], [81.24894559387228, 28.594462341297703], [81.23245966767813, 28.577576513589687], [81.22094238110374, 28.568298917378108], [81.19969267523862, 28.554545674962117], [81.168115323107, 28.52422752976757], [81.16766281589273, 28.520729035810177], [81.16278565908844, 28.513430151949258], [81.16017389199328, 28.501465167539926], [81.15322257717052, 28.502003405315126], [81.14730875184704, 28.49823792954006], [81.14551365169513, 28.496286151143224], [81.14813665958745, 28.496991743568696], [81.14735703149059, 28.495986390081285], [81.13796463681687, 28.490917991635143], [81.12995336284104, 28.48222682272297], [81.12077559596715, 28.475151427334094], [81.11483794240998, 28.472580216635418], [81.1090082856968, 28.46147648690612], [81.09892006174073, 28.459413176349692], [81.09463294940556, 28.45983358485059], [81.09063984860333, 28.45697342537534], [81.08586772973919, 28.438423086573472], [81.07687952696745, 28.433496931512817], [81.06859945827053, 28.425857911934468], [81.06455496128353, 28.42085151291432], [81.05956724879519, 28.409950461756296], [81.05942305723762, 28.407502686921834], [81.06711482765904, 28.399630137352908], [81.06738618422014, 28.394511115266123], [81.07988114080914, 28.385004214744225], [81.08941864346535, 28.38216240872729], [81.20349207310448, 28.362083068979324], [81.21070993171224, 28.360641731024955], [81.21345534690283, 28.358336353956922], [81.21961978909074, 28.34493923370641], [81.23462352030974, 28.324711482372226], [81.2327831540278, 28.28904650899426], [81.2861473407784, 28.228597892603315], [81.29196395693683, 28.222943113219177], [81.29966252760809, 28.219914676854568], [81.3206484900674, 28.197326714365442], [81.31841184403955, 28.182446248212113], [81.32480540960455, 28.175112568751686], [81.32130266957148, 28.168896347495533], [81.31431275867217, 28.167737117568382], [81.30450863209188, 28.168575978873715], [81.30227644613909, 28.167863516595165], [81.30186621602921, 28.166147544849792], [81.30316615128298, 28.16308990543601], [81.30979548083776, 28.160755830192922], [81.3107022521562, 28.155641500641615], [81.32022632835061, 28.160323501258606], [81.32796872410657, 28.14834789088429], [81.3184126259093, 28.145299926965095], [81.31549509017586, 28.13704034045324], [81.31808354519264, 28.133620875486738], [81.33450428272624, 28.14026209423145], [81.34220594036967, 28.139638436729246], [81.37135077050011, 28.142454856335153], [81.37675892204828, 28.149794934438685], [81.37842485410141, 28.155572673399625], [81.3771837202033, 28.15877748600708], [81.36847404818556, 28.161052729042723], [81.36695899564158, 28.16542005688256], [81.36983964658859, 28.17063511197557], [81.37409134375156, 28.173209053142422], [81.37475956716345, 28.177017710067716], [81.3899898737053, 28.17383925803066], [81.41492624634641, 28.174316467841223], [81.42656685681322, 28.17073413303785], [81.44476229122182, 28.161954300059087], [81.44700351527663, 28.16036328729861], [81.44602971675452, 28.156037048997526], [81.45018467862353, 28.150721717047634], [81.45000192430092, 28.1409489910328], [81.46772756426161, 28.12727422716778], [81.47272754018806, 28.125673375322823], [81.4841016238708, 28.118319448915624], [81.47983551962518, 28.110165208254966], [81.47846777358039, 28.082609668163293], [81.49605880526268, 28.0730693946413], [81.54736133250496, 28.04927130262872], [81.58671511051432, 28.024853739619616], [81.617145179544, 28.01047557684894], [81.62441172207053, 28.001450000093826], [81.62805354091556, 28.00165902753827], [81.6393326557341, 27.997194145757074], [81.64353170575444, 27.993889753476523], [81.69839409545715, 27.988270662289423], [81.80496607498134, 27.903447205262893], [81.81365051216144, 27.904632582968794], [81.82121251298669, 27.90352740739303], [81.83279573134466, 27.898138115114307], [81.8400842411087, 27.89113391428283], [81.87365376987547, 27.8694815242262], [81.88555256155446, 27.85706506737706], [81.90126869170724, 27.853734889184402], [81.92622517425202, 27.859843592529103], [81.92547732199424, 27.875866488909754], [81.93009927533701, 27.88271629522842], [81.93811785987789, 27.887997416769654], [81.93818069208366, 27.89381525911455], [81.94781510982897, 27.90358111356796], [81.95101688119438, 27.910279667141943], [81.95938996458621, 27.91646627139859], [81.96178821781642, 27.92322430795935], [81.9682918718811, 27.9290195496517], [81.99125228005435, 27.929275827609203], [82.02560966625512, 27.92515521955902], [82.04517523394925, 27.924554657547308], [82.06256531678906, 27.921775392913208], [82.07102947661629, 27.92269791916142], [82.08062197595748, 27.909170723979802], [82.09015579633697, 27.899467114374648], [82.09146994826149, 27.894721504634465], [82.10097331535567, 27.886188349206552], [82.11428698134019, 27.877621560220664], [82.12341909078391, 27.865090078937115], [82.15007531807609, 27.85798070725569], [82.15406620513455, 27.866253752668868], [82.17713317544622, 27.854783672219927], [82.20833468187807, 27.84317789958956], [82.23055145140866, 27.8208442390603], [82.25283426599232, 27.810194448335423], [82.30395760537046, 27.772670373890456], [82.33665121009044, 27.75486593838176], [82.3672280673469, 27.742716896142714], [82.38241584772332, 27.72038845072654], [82.40169156235837, 27.70293273988189], [82.41293694701547, 27.698277316881125], [82.42734943560731, 27.68832779252588], [82.43711874450565, 27.685136278182057], [82.4487992876933, 27.678763579783983], [82.4732786107174, 27.67654961084079], [82.48196890264518, 27.68286121563397], [82.48406440557841, 27.68083786545594], [82.49012221202668, 27.681278158169842], [82.49254190052545, 27.684241044699252], [82.50036333943022, 27.68505763901506], [82.51630805025032, 27.690471986142736], [82.53101539630265, 27.68661560009329], [82.53878746354307, 27.68768816971193], [82.54120492172113, 27.685773627062744], [82.54953156693094, 27.688879393925774], [82.55458914564785, 27.688546493957464], [82.58498209213171, 27.698646361502828], [82.59373651106745, 27.696978194814843], [82.6001493403559, 27.704266492783777], [82.60509408560847, 27.706003776828183], [82.6188977398708, 27.70230267757448], [82.62759370670113, 27.709224477348968], [82.62787656563508, 27.711555394721515], [82.63857048883129, 27.709154696734878], [82.65528624131605, 27.71334935607277], [82.66426157627367, 27.72213049054453], [82.66655794317394, 27.715703045913866], [82.68073789058988, 27.713799600803398], [82.6893065333635, 27.71516459395808], [82.6992998263314, 27.72201760657273], [82.70200718649687, 27.71640096866874], [82.70520569287649, 27.71661143043225], [82.70805821896654, 27.72192592328262], [82.70569484490593, 27.711280735948552], [82.7059459564166, 27.702913563838457], [82.70999154455863, 27.695452612186166], [82.71575314807437, 27.69186283037427], [82.71834481515577, 27.687494513917013], [82.71490719110692, 27.681486700940255], [82.71432890531182, 27.67722439422416], [82.71625742427321, 27.675672124086464], [82.71603719411455, 27.672590714704768], [82.713270093225, 27.67097232410723], [82.71591647565204, 27.668122807945295], [82.71180270252896, 27.665136147466473], [82.71429172522558, 27.662677718501506], [82.72038542696515, 27.66171663966903], [82.71908520832432, 27.659089985993116], [82.72043568248196, 27.657372097953164], [82.72397436500995, 27.659177982109657], [82.72564065466709, 27.658457883559898], [82.73050147865101, 27.652803903100445], [82.73144447909182, 27.649078942172206], [82.7287287358147, 27.647946382979985], [82.72816322728204, 27.645644647754484], [82.73311205131527, 27.64647051553502], [82.73344700818363, 27.642737734932464], [82.73633192764328, 27.64319042035195], [82.73763703651022, 27.637627819606653], [82.73507528860765, 27.63562821642473], [82.73825686343643, 27.632038649823123], [82.7336817222195, 27.628619773157435], [82.73673879279428, 27.626179599202114], [82.7348156417245, 27.624454354805497], [82.7308377419486, 27.62407958431398], [82.73674099378516, 27.621771500380632], [82.73312015049302, 27.619013263679168], [82.73631810337427, 27.611478056210366], [82.73495287956439, 27.609701511117866], [82.7422872971287, 27.604739626201745], [82.74545794906543, 27.600364692718003], [82.74497603671874, 27.595376827826485], [82.75027029841611, 27.59357468941709], [82.7558804615379, 27.587806916034904], [82.75247665329688, 27.584918006042244], [82.75105541711471, 27.577054389660994], [82.74888159559647, 27.576299366494993], [82.74779306485617, 27.572025739179715], [82.75135082923104, 27.56532814796336], [82.74362981193194, 27.560969875351038], [82.74715000466942, 27.555118080614832], [82.7418129209721, 27.55416971868798], [82.74010587902052, 27.551733541773242], [82.73823106087012, 27.552115856335394], [82.73853173414925, 27.55058224987249], [82.74105359372652, 27.550034396221065], [82.73785532981718, 27.54667772055224], [82.7390767509519, 27.5453848548038], [82.74196409821738, 27.54637436740361], [82.74075978478625, 27.54488348542921], [82.742694615817, 27.543290219755875], [82.7412628182413, 27.542699753816063], [82.74321251431532, 27.541569070294674], [82.74153689025728, 27.539995003417566], [82.74185395786843, 27.53727038040408], [82.74058894232955, 27.537067193549124], [82.74462194896769, 27.534439300619763], [82.74209651344974, 27.53216503473051], [82.74512410556571, 27.532311938838152], [82.74457803360619, 27.529868278440365], [82.74728239215253, 27.53162527980199], [82.74521265029244, 27.52903023828999], [82.74705242144852, 27.528051976385285], [82.74652296635246, 27.5259513480274], [82.74855236871173, 27.526799860712572], [82.7493979790434, 27.524695813491768], [82.74759118182544, 27.52327410593829], [82.74953005548434, 27.52289222919003], [82.74714711672792, 27.519640180060957], [82.74631007783293, 27.521130596173304], [82.74211976120345, 27.521201031411334], [82.74316932225254, 27.516775260927105], [82.73877974850431, 27.518804266492726], [82.73683420827031, 27.518109802978376], [82.73767450746942, 27.508671547042372], [82.73514478967697, 27.50829885930702], [82.73584685690697, 27.502602073469415], [82.78537190927247, 27.500257089762588], [82.80199262900896, 27.49658621327622], [82.83250814827063, 27.502122505109522], [82.84913116219596, 27.49955603007969], [82.87041483629298, 27.49867009101068], [82.92949478485721, 27.50123761296432], [82.93961835584463, 27.49139952107253], [82.94481116225839, 27.477110451496593], [82.9542734959853, 27.46800634652364], [82.96667159478055, 27.46433116383144], [83.01906041399901, 27.454094821151685], [83.03419467393867, 27.448939186287408], [83.07490343072519, 27.45285921105169], [83.16454502523638, 27.457710154150377], [83.18791846868054, 27.45448665008221], [83.19604884631985, 27.446149769667755], [83.21055823615406, 27.424394755895772], [83.21769278557866, 27.417368492466743], [83.22621037725814, 27.411739309034544], [83.24015548672413, 27.40661084584586], [83.27232829816957, 27.38368968478844], [83.2656736917735, 27.36562285070192], [83.27284152860554, 27.35272293124597], [83.2947757034822, 27.333449482108833], [83.30054529111908, 27.334525404407373], [83.30481577736958, 27.331469178953963], [83.30815354528997, 27.333624718361506], [83.3176010992439, 27.330225784123076], [83.31554869943353, 27.332916573950143], [83.31867429220276, 27.33599359113134], [83.31798223422942, 27.33740264000968], [83.32456786659525, 27.336888655674862], [83.32705821013634, 27.334145750781182], [83.33179435464334, 27.332778566381624], [83.33504059249121, 27.333764274302364], [83.33761432808532, 27.33287401520198], [83.34327534816362, 27.335136702994216], [83.34409462117111, 27.338290305673432], [83.35248497302753, 27.340062264560927], [83.351202409909, 27.34268494639581], [83.35598698798836, 27.34469258388089], [83.35925932722708, 27.34332456593196], [83.35800417342477, 27.350834493530108], [83.36462970215703, 27.35584444789347], [83.3680983672343, 27.35582631181124], [83.36974941688294, 27.358227680269984], [83.37381857803084, 27.357372816355277], [83.37240719258291, 27.36500629345783], [83.37483977945215, 27.370030685956394], [83.38289612816187, 27.37103445984454], [83.38816165211185, 27.375951528390424], [83.38650828987804, 27.380603521382202], [83.38810739415021, 27.383796443545542], [83.3851185639325, 27.38601926205634], [83.38487233074402, 27.39043598428526], [83.39267794720611, 27.395767926461378], [83.39666628549026, 27.396116888759625], [83.40249286156289, 27.40097497064708], [83.40559499064514, 27.405570724404708], [83.40646488526488, 27.411970970141933], [83.4096509490774, 27.412717824089295], [83.40943637313914, 27.415031861791906], [83.40718722934584, 27.415365236540552], [83.40562237453601, 27.41887839652518], [83.399820952752, 27.41918747277936], [83.40114455714112, 27.4210027025128], [83.39328484737487, 27.42476375123031], [83.39184907266865, 27.429827334772682], [83.38429196298479, 27.43625614446118], [83.3864333090513, 27.43938145528451], [83.38398064345526, 27.442448205860167], [83.39165841815114, 27.446834292613715], [83.39607745676157, 27.446742864973604], [83.3987595572673, 27.44911687650095], [83.40199159805384, 27.45770233290842], [83.39997482458126, 27.460033406172204], [83.39984952590804, 27.463672199123547], [83.40260192331156, 27.46641636614459], [83.40139719055026, 27.467367886820167], [83.39803954455414, 27.46563412072553], [83.39557016347005, 27.466844163941452], [83.39561891786836, 27.469745840048336], [83.38867057361631, 27.470751148803267], [83.38901910904292, 27.47321193107146], [83.3924176594174, 27.476511993948794], [83.38891100613208, 27.479743401366886], [83.61484838200087, 27.46960419441985], [83.83000524352717, 27.37036585259457], [83.86278420425559, 27.346721339527253], [83.87143452533648, 27.351847004617056], [83.8878334773785, 27.358438463600912], [83.89138986328092, 27.362791562612347], [83.89213535912891, 27.367789997106573], [83.89933738781598, 27.372059969262374], [83.90623297674773, 27.381974613186724], [83.90526771112457, 27.38979901965362], [83.89365081436401, 27.38980872165388], [83.87269760211822, 27.392825892277717], [83.87556366593095, 27.40597406080179], [83.87127310507238, 27.41302804947425], [83.86746859064024, 27.42760724137483], [83.87837696397949, 27.433907895587556], [83.89555804768055, 27.437823045655612], [83.88909961083165, 27.4435559321831], [83.88774760940667, 27.446573827949432], [83.88718151358381, 27.455799487121407], [83.88980293178426, 27.46171774170979], [83.88369044727732, 27.464205989956003], [83.88667033590974, 27.4724372909843], [83.8850988823401, 27.481181540456], [83.8776992280121, 27.485227565968195], [83.87472623289878, 27.48937658549423], [83.88365717102297, 27.496198414374447], [83.88681694557881, 27.495754313142466], [83.89169323128637, 27.499393118624333], [83.89770288035128, 27.498840320361708], [83.89394340436667, 27.504236902500047], [83.88714560433526, 27.50843279812282], [83.88084345418237, 27.507750704612313], [83.87575158009611, 27.510469508862403], [83.87831705469664, 27.52040196163228], [83.88274341125947, 27.523379508084894], [83.8824333057365, 27.527934779009556], [83.87048158252621, 27.541337891421485], [83.85884211191721, 27.54560902150842], [83.85525509593297, 27.548552077562928], [83.85069413189348, 27.559054872928435], [83.84720813371139, 27.560375452081697], [83.84161988941119, 27.55629211370044], [83.84187261070316, 27.54930012442116], [83.83611632879851, 27.54509898222067], [83.83738292038508, 27.551350434866862], [83.83281744299921, 27.559226281589645], [83.8316319169302, 27.56572298976596], [83.84151566200885, 27.572661445324826], [83.83618375150121, 27.585802678319318], [83.82154919375157, 27.592724961231607], [83.81508879775227, 27.589609647701188], [83.80811899020867, 27.588769870888658], [83.80941444384882, 27.595450222720153], [83.80621859074732, 27.596964289634947], [83.80106972765535, 27.596203406567128], [83.78993758075225, 27.606412506882695], [83.79968111963497, 27.61196158639089], [83.79730509236407, 27.62031985701143], [83.80522177811778, 27.620917919664937], [83.80102329964696, 27.62962788146788], [83.80246812040185, 27.63231716038688], [83.80986320124875, 27.63550435607963], [83.81034186795341, 27.639994956693076], [83.8078445780303, 27.643172882153348], [83.8085831157774, 27.64591077022142], [83.80654148087626, 27.647604648729043], [83.81017941524478, 27.648602424138943], [83.81263506323646, 27.653339407588202], [83.80986914063796, 27.65551973132526], [83.81185524781476, 27.662415261360618], [83.80625892020956, 27.662915258382636], [83.79971974215339, 27.665559359352862], [83.78320859868073, 27.667057479923933], [83.76827221922893, 27.666651984357046], [83.76275824069427, 27.661243392939923], [83.75917842354983, 27.66364468572033], [83.75829347025788, 27.667469763233893], [83.7447923405363, 27.666872493522288], [83.74084756280853, 27.66971930258735], [83.73316384305515, 27.669323413401994], [83.7251893456875, 27.6725049449006], [83.72045933496656, 27.66994141962005], [83.71523054032187, 27.662753619967415], [83.71039770431048, 27.661588403551242], [83.70811180330887, 27.659176151518217], [83.70590528924393, 27.65895045257526], [83.70333282038712, 27.662209743548736], [83.69538351714121, 27.661540438547217], [83.69885689875993, 27.670017972416037], [83.6993748974309, 27.676462957025432], [83.7022772076811, 27.67933917700201], [83.70170430610759, 27.68149041064464], [83.70461958003104, 27.68288651594208], [83.7006868076661, 27.688771361855494], [83.68977445974933, 27.69822584466141], [83.68961586534505, 27.707803223096413], [83.68279451860984, 27.71823411416165], [83.67707389800997, 27.71864955650142], [83.68224091805244, 27.720947110018702], [83.69158083667513, 27.71885187620494], [83.6951551622588, 27.71606430647995], [83.71430093195957, 27.71568999694101], [83.72157643022128, 27.710723054279345], [83.72859621103137, 27.709177921678332], [83.73232355880502, 27.71422339521797], [83.73943065828277, 27.71508304700637], [83.74520750066756, 27.719179822801085], [83.75114361264947, 27.721029491678326], [83.75637593091086, 27.720219769273015], [83.7598331776473, 27.722572294051215], [83.76380172741703, 27.721699180778728], [83.78233200939698, 27.725095896659827], [83.78663031859521, 27.72474380412474], [83.79234123499008, 27.721914147044437], [83.8014404716614, 27.72136570537798], [83.81093152605132, 27.714355294135885], [83.81570796938897, 27.71354050069184], [83.82044820393408, 27.710674518570855], [83.82495216593036, 27.714064653148913], [83.83360938794019, 27.714039220780865], [83.8385659103213, 27.710985633922615], [83.84628334815105, 27.709539128441318], [83.8488501468844, 27.712080249336026], [83.84452701765532, 27.716332986914317], [83.84411774083064, 27.72734073349945], [83.84183342194525, 27.730487851421152], [83.84496923258807, 27.735067109012146], [83.85171186682813, 27.733312368159858], [83.86909483918424, 27.734724248589693], [83.87558419131894, 27.733234355107275], [83.87679073039888, 27.735911317514617], [83.88012495592329, 27.733497836799245], [83.88363933536384, 27.73508018274419], [83.88876261716304, 27.73025375827374], [83.89310695656773, 27.731335662952088], [83.89647009431057, 27.730092825632756], [83.8988786748891, 27.732050747147817], [83.9006208475361, 27.730481665245794], [83.90312426097613, 27.73071355654332], [83.90451923012294, 27.735716623112303], [83.90821095436894, 27.73425031098022], [83.9066391521436, 27.731564405855586], [83.9131320462375, 27.731126355339786], [83.91597909135898, 27.728470262384388], [83.91901366726066, 27.729597894509066], [83.92147864198581, 27.726797059964397], [83.92417834245107, 27.726864031176763], [83.92498835035987, 27.730700070822426], [83.92837770586154, 27.734329917632284], [83.94478227466114, 27.744185956932522], [83.94650686533227, 27.74380533019287], [83.95050944890396, 27.747549925849356], [83.95829124337406, 27.746539445794465], [83.96050866505533, 27.748349503023313], [83.96568768849652, 27.74699270344184], [83.97074433630097, 27.749861581305794], [83.97236378337702, 27.747928281670262], [83.97607885773854, 27.74757249454378], [83.98058628434171, 27.749452641792924], [83.98540116947473, 27.74808821253519], [83.98995004360737, 27.74927992280484], [83.99433953972255, 27.75153865807001], [83.9923517034675, 27.753636876217847], [83.99287460826717, 27.761529232202253], [83.99954194973228, 27.775824912256574], [84.0003524731438, 27.7886583866637], [84.0068128193583, 27.79754324164857], [84.01237732103087, 27.801256611821056], [84.01508307349208, 27.81173195416732], [84.02011471005676, 27.815334516390696], [84.02013165713022, 27.817994586541182], [84.02175279517787, 27.8191563196543], [84.02501137551586, 27.818361565770367], [84.02675403818367, 27.820635510914105], [84.02502473913455, 27.835283219039358], [84.02026851543937, 27.84089295075529], [84.02232312803265, 27.843557179153652], [84.02247420063853, 27.84849829439515], [84.02854074184054, 27.856457040168525], [84.0200855128517, 27.861956913851703], [84.0173693860861, 27.86135486550039], [84.01535640215083, 27.858160311886177], [84.02164856838364, 27.854691720312832], [84.02260160590785, 27.852572989819485], [84.02134704907677, 27.851257778171856], [84.01709899159461, 27.85121553096839], [84.00663806512753, 27.8548127971138], [84.00036702661558, 27.854745270793607], [83.99792301210863, 27.856110297189222], [83.99676770148375, 27.86416267439812], [83.99428186633877, 27.86627438240733], [83.97845360258101, 27.86612840744202], [83.97434161515454, 27.868029673104306], [83.97154927304213, 27.87265664930238], [83.96810465160374, 27.87031168427597], [83.95828353290412, 27.873052538968242], [83.95276845218085, 27.869925989824385], [83.94846497186612, 27.8694890268506], [83.93920885324341, 27.878112918281644], [83.93683380203825, 27.877728292543182], [83.93220170651932, 27.87250525906466], [83.9247716509807, 27.868271031913572], [83.92038023671506, 27.871560355564704], [83.91382580610141, 27.871141294379314], [83.91074099888051, 27.872738978156363], [83.91378749691177, 27.8777970656929], [83.91013431146487, 27.880290096656296], [83.89932320414793, 27.88288401225237], [83.89238112950596, 27.886150236791426], [83.88099803038335, 27.882373034412534], [83.88039832671551, 27.887419629238124], [83.87755356342652, 27.888396311008236], [83.87330761559282, 27.885642185595444], [83.86112381773161, 27.882367989829106], [83.8600686781366, 27.880002435862444], [83.86122221615253, 27.87641852849424], [83.85838596077788, 27.873586369283032], [83.85159890901689, 27.874616986402767], [83.85102836059498, 27.881308316312076], [83.84520532835691, 27.881653876033283], [83.84366108508134, 27.879544848508775], [83.84745654868206, 27.872633855654495], [83.84550995977135, 27.868525386639533], [83.8359419611274, 27.869854551297365], [83.82091793928157, 27.877793428529365], [83.8160566552798, 27.874195244899806], [83.80722435045068, 27.873262574136294], [83.79739542869594, 27.882514702589535], [83.7885965455991, 27.885511245541917], [83.77506687890605, 27.903361104656284], [83.76227108192806, 27.90999307082741], [83.75618241769193, 27.909222110472925], [83.7582150437066, 27.904695301065935], [83.75711284497638, 27.90314111494527], [83.75071468781832, 27.907111847100484], [83.74474490485899, 27.907983053331524], [83.7425314503233, 27.90467588408258], [83.7475125957069, 27.90143618841226], [83.74629341252252, 27.89988400038951], [83.7430152215434, 27.90011255599472], [83.73512425316153, 27.904535536997333], [83.7335921302565, 27.90870419737523], [83.72313717738366, 27.913859261799], [83.719114969251, 27.920240621042876], [83.71104355236623, 27.916616330999265], [83.70144454638948, 27.918531639754267], [83.69833442800106, 27.91700873320244], [83.68943604863858, 27.923937971479678], [83.68605373215964, 27.918170196958627], [83.68305653958828, 27.916439684011525], [83.67956337355169, 27.920136233237077], [83.68200172329438, 27.92418271329136], [83.67626717823731, 27.927463330168187], [83.67030059046657, 27.924536446202985], [83.6658654598401, 27.919814935104824], [83.65497711064094, 27.902512597838435], [83.6490453429045, 27.902373586021316], [83.64477098444078, 27.898567743086566], [83.6410257873263, 27.90242283835762], [83.63431661358756, 27.89937964126603], [83.63250330615767, 27.902030373519022], [83.63147616602052, 27.91024229857365], [83.63350807028016, 27.914180221345696], [83.62699480654618, 27.91467264362624], [83.62101554756073, 27.917684092669834], [83.62674664949895, 27.92480671714374], [83.62615195482931, 27.926095529139616], [83.62039009238195, 27.926508468714875], [83.61907452624196, 27.929336317073748], [83.61644116684612, 27.930621786347213], [83.61078952355643, 27.925202446212673], [83.60070452751724, 27.92340921001346], [83.59296360260608, 27.931217699728915], [83.57462794484712, 27.930266578901797], [83.57344963735446, 27.931709117326328], [83.57640995267488, 27.93725934368729], [83.57102649958838, 27.94306354835517], [83.56762806508347, 27.940399678920024], [83.56562581384571, 27.93468535662017], [83.55986882974867, 27.934899440663585], [83.55279393636296, 27.92959050708959], [83.54846735309316, 27.92814376333941], [83.54522320311807, 27.929288235635447], [83.5379298240184, 27.92811554852395], [83.53633691373031, 27.93129586072525], [83.53681093029022, 27.93711833767613], [83.53101304103818, 27.939203749918267], [83.53063003594546, 27.932160948415408], [83.52408705936466, 27.9241585180522], [83.52190206829935, 27.925933324543486], [83.52297241110942, 27.929989034036375], [83.51637034339393, 27.93740907497751], [83.50871817640935, 27.94082027648813], [83.50587612962171, 27.940252849594632], [83.5029179562713, 27.937153588527888], [83.50503772377911, 27.934471863663404], [83.50981398929277, 27.932984131927633], [83.50593077656994, 27.928584350695836], [83.49798855386129, 27.927001128781097], [83.49048807722635, 27.929195881444077], [83.48387845572685, 27.92273674900228], [83.46826200122231, 27.928299639782097], [83.46050248665487, 27.93443321718017], [83.4526640664391, 27.93273275782752], [83.44892401939008, 27.928496652110407], [83.4402941569636, 27.932755200687726], [83.4403013604988, 27.9351670431437], [83.44541834806728, 27.93937286059551], [83.442922176272, 27.943130481010392], [83.44349287913279, 27.944856457114508], [83.45593206244826, 27.949851621367152], [83.4616040416796, 27.95389433583499], [83.46665505009302, 27.96424477868359], [83.48288886982276, 27.981701363419575], [83.48641514602205, 27.98188833493751], [83.49157814141654, 27.978629395349245], [83.50040730416218, 27.97691774244164], [83.5112004124787, 27.967510132332702], [83.52185543003588, 27.96393998850545], [83.52676710117727, 27.96649964035319], [83.53103393779215, 27.964792795324488], [83.5341528277287, 27.968467382404512], [83.54115208717457, 27.971441900161416], [83.54624584552363, 27.971391104523356], [83.5499750570149, 27.97682710219875], [83.55433260707339, 27.976489322942175], [83.5587310708385, 27.973728450966647], [83.57014225296157, 27.976050032229], [83.5776063490527, 27.97442616484446], [83.57911180529084, 27.979389796999634], [83.58521862192136, 27.97893455330517], [83.58414373038786, 27.987509131642167], [83.59340458155172, 27.989463528013378], [83.60332061111494, 27.99730096036798], [83.60492011994846, 28.012067451978282], [83.60327549214102, 28.013966941687112], [83.59882025293032, 28.01517226617699], [83.59639259701241, 28.02074453472512], [83.59115240610684, 28.02161119149977], [83.58977281849329, 28.026150882530303], [83.58429530195183, 28.02607805842467], [83.57843293722352, 28.034001686979007], [83.5704495280576, 28.032736122705604], [83.5615609095338, 28.035769590361884], [83.56404748469, 28.0407116145256], [83.55916633247243, 28.043640275705968], [83.56402659899462, 28.058103840748164], [83.56096239171869, 28.06435253787317], [83.56744545107536, 28.06498001420001], [83.57254391835887, 28.07367517153044], [83.58067725792183, 28.07755824944391], [83.57641187444922, 28.081761803167094], [83.57516118197557, 28.087610189341305], [83.56716464923751, 28.08975337587867], [83.56264488317576, 28.092823092212992], [83.56504459977764, 28.100787963053623], [83.55519305895992, 28.106631221640598], [83.55429173186444, 28.11716649806249], [83.54429912368599, 28.120903508663183], [83.53815745927949, 28.12016554847516], [83.53198841365966, 28.116593595562836], [83.52534341031276, 28.120888918679704], [83.52092195487693, 28.120038743176128], [83.51703382299604, 28.12148936654199], [83.51035111372722, 28.12702007535675], [83.5054842891479, 28.12573230931245], [83.49967596979305, 28.117535347139473], [83.49000689796088, 28.11367111978384], [83.48577740757264, 28.113371086056944], [83.48246546609289, 28.117263806090815], [83.47412636083733, 28.119048271782155], [83.47657546529834, 28.122676413501253], [83.47825378795461, 28.13015488035907], [83.473708668391, 28.13234617554464], [83.46672604415554, 28.13212746802762], [83.46261238595484, 28.12997716702213], [83.45751039886335, 28.1323913097453], [83.45114679950467, 28.126452882716737], [83.44602088504554, 28.12509218285456], [83.4387573095345, 28.131041157202965], [83.42331585870946, 28.12524671035526], [83.41983507114624, 28.128823645768374], [83.41822057034595, 28.137148486793343], [83.41361511148044, 28.13782135796728], [83.41124999911759, 28.144110123901804], [83.40680662361046, 28.145857462292717], [83.40613666408464, 28.148503147785927], [83.3997754099145, 28.150871338413893], [83.3947849839808, 28.155938990427988], [83.39012958135075, 28.167394812491604], [83.38422393838815, 28.16384898726078], [83.3753346199578, 28.174452701227153], [83.37049172982141, 28.176546689090262], [83.36990019223389, 28.182775111056067], [83.36439849274811, 28.18614272283338], [83.3625212513787, 28.19242830770556], [83.35583977311533, 28.19574034530557], [83.35553609306969, 28.19750092987175], [83.35255255087083, 28.19777111161909], [83.35032878442745, 28.19451418901299], [83.34430867321119, 28.193436387762834], [83.33816962114003, 28.190086042640928], [83.33023470328354, 28.18907508146673], [83.32499937804558, 28.190522559837262], [83.31652257928124, 28.19040601008306], [83.306303934829, 28.197907738237348], [83.29821136077241, 28.192984507880045], [83.28774214296683, 28.192720629869594], [83.28046342423403, 28.189770044061056], [83.27806347201381, 28.19106364088506], [83.27369612069441, 28.187643015400237], [83.26884246835677, 28.19727056421811], [83.26550881073405, 28.19951774724749], [83.25923726600108, 28.200088542046043], [83.25856097152909, 28.204046358095976], [83.2547055613527, 28.206865731191552], [83.25180568959529, 28.214202204748624], [83.24422133720546, 28.217255690314868], [83.24213306756874, 28.219890356895153], [83.23378108908513, 28.221869742675597], [83.23325089891088, 28.225891428848], [83.22580571001947, 28.232685011038445], [83.22587158754813, 28.235426448995728], [83.22280235802415, 28.236304637128708], [83.22005639249747, 28.240846056522308], [83.21579959599485, 28.24385371945811], [83.21541399972702, 28.248455916418415], [83.21238384144611, 28.248553551595684], [83.205908085592, 28.251947397015645], [83.20383241650268, 28.255878756888972], [83.18908178538916, 28.265273745824253], [83.18484581503101, 28.27073730899156], [83.16781696063512, 28.257974294220585], [83.16567580295076, 28.26177603999498], [83.1629197690081, 28.263340606850832], [83.16167886430037, 28.267208671516933], [83.15552206157913, 28.27085018694963], [83.1447722822833, 28.262490547884312], [83.13701724640612, 28.25312023167422], [83.13082006856884, 28.25015728887859], [83.12776846630798, 28.25080106095319], [83.12438560573824, 28.257804433533042], [83.11864821059615, 28.256565151505693], [83.11633294330287, 28.254007790531467], [83.10955776819885, 28.251800395345818], [83.10573870921822, 28.25226942245291], [83.10106952457677, 28.25567235548812], [83.09357119341205, 28.257021500089113], [83.09706147914595, 28.277180951443654], [83.09233528801848, 28.277982061049883], [83.0851979154335, 28.28915530904208], [83.07879404508982, 28.291517062446356], [83.07592212985142, 28.297674331537447], [83.06942711205093, 28.301934472518585], [83.06898656830501, 28.310925704492476], [83.06691055368947, 28.313350140270803], [83.06163730668577, 28.317676916594728], [83.0512701758752, 28.319015145956392], [83.04476525889582, 28.32462978644019], [83.04006549639422, 28.32227999761742], [83.03327379296837, 28.32178538259874], [83.02523500351953, 28.324875170837636], [83.0185841979338, 28.325544827088766], [83.0128992017425, 28.332876010827103], [83.00997476591526, 28.333741388516337], [83.00420549824466, 28.33270233928416], [82.99400366023214, 28.35097657768203], [82.98008437782109, 28.359429603346083], [82.96712321461136, 28.357662767304742], [82.96128771060746, 28.359774989951003], [82.95474764469077, 28.36017167211691], [82.95673517436008, 28.364450432511443], [82.95511450993055, 28.371699493511457], [82.9508213529252, 28.374235949192762], [82.94798940199428, 28.37871449731889], [82.95040998007055, 28.384047855896167], [82.94753756823557, 28.386628951717988], [82.94623259709367, 28.391263570229032], [82.94226302048205, 28.393865399449357], [82.94362469152539, 28.398452996319403], [82.93809493096062, 28.398637837354954], [82.93648608466081, 28.402126306779124], [82.92270676683893, 28.401273627480794], [82.91617130616592, 28.402746710870847], [82.91920796722708, 28.40918178667305], [82.91854371907387, 28.41742826911032], [82.91226494360386, 28.42741432339018], [82.9142457373749, 28.43435090181364], [82.90963299656963, 28.43700971748128], [82.906065993323, 28.443049109156497], [82.90066457726162, 28.447377384997836], [82.89403683895428, 28.44772738328119], [82.88605919354903, 28.45289123253692], [82.8869180211926, 28.455945776773625], [82.88286753091786, 28.46129035132513], [82.88270764510985, 28.466567550492893], [82.88061008653285, 28.46810000558361], [82.8787294938634, 28.473405864532094], [82.87930904786495, 28.476361226826036], [82.88678248197527, 28.479679902998967], [82.90395930804624, 28.475483847299284], [82.90893105257143, 28.476802858946698], [82.91211238948809, 28.479413477187816], [82.89433044877138, 28.494273167632393], [82.89026045231944, 28.500150131553305], [82.88839408389813, 28.50664050741763], [82.8773535347847, 28.515446414039776], [82.89461402287637, 28.51545034718362], [82.91406674294907, 28.527605631227445], [82.91136394074206, 28.529853385568767], [82.91351787848774, 28.537813058434807], [82.91184913573188, 28.542852633426534], [82.91641805766227, 28.564645940500476], [82.92379638434231, 28.567646145906213], [82.93251874282058, 28.565817939459222], [82.93582997643685, 28.56279189072381], [82.94018959679286, 28.561668806751452], [82.94306533658438, 28.558183544050372], [82.9520108002572, 28.55586619894677], [82.95568994763208, 28.55141916133836], [82.9595843494236, 28.552051346081306], [82.96398610527213, 28.550113462797604], [82.97381517470262, 28.54234706921247], [82.98043331355115, 28.550847069808963], [82.98217942918168, 28.558926850950005], [82.9855879379691, 28.564075236926616], [82.98547226494722, 28.570871047400498], [82.98248053347734, 28.571383270130994], [82.97842219010911, 28.575607134644404], [82.9726409126133, 28.575245460720208], [82.96229218395817, 28.581897885984446], [82.95875047218166, 28.58877338859294], [82.95438885281663, 28.593163421355886], [82.95263737351566, 28.59810806553284], [82.95699822637044, 28.60809177124056], [82.95649181282346, 28.610515103612467], [82.96707235772239, 28.615443738744126], [82.97210783446606, 28.620555278197905], [82.9745555107987, 28.626914664327348], [82.97697052334793, 28.628963135335574], [82.98293549735253, 28.63079911415794], [82.98952632023015, 28.626206007641308], [82.99379910620763, 28.626862696803418], [82.9980425322687, 28.623578122802275], [83.00584612163003, 28.622717502846477], [83.00913184940407, 28.62371158371968], [83.01912753811393, 28.621738285080944], [83.02475900446271, 28.626464118058994], [83.0355368787636, 28.625733716379145], [83.04282113018152, 28.629983368298028], [83.05100572948616, 28.625842868438962], [83.05752539454672, 28.62012711457784], [83.06725908375742, 28.623478884974148], [83.080879520944, 28.625617947654618], [83.084312273592, 28.63086332628145], [83.09636038221956, 28.635160293560354], [83.11194048541891, 28.63109458183606], [83.11587675853643, 28.631503789457277], [83.11525268077862, 28.643570543722344], [83.12319141462099, 28.654068755148], [83.1250114819006, 28.66401730195179], [83.11918323524624, 28.66908212517606], [83.11894225043696, 28.673310168979352], [83.12282903822368, 28.67674615898533], [83.12832603446371, 28.674029615583], [83.13484053843456, 28.67372173805945], [83.13906856128737, 28.67544957856436], [83.14646575681935, 28.681821661369874], [83.14240534247557, 28.68977474396075], [83.14357636161783, 28.693659903940006], [83.14948209309289, 28.695501757510755], [83.15255975936962, 28.70118540358186], [83.14995779975675, 28.704388070252772], [83.15102626249829, 28.71199682236986], [83.14648881930407, 28.71819874609629], [83.144219049995, 28.725540535829325], [83.14612394437812, 28.730785954943038], [83.14266253960966, 28.73388605534393], [83.14279536604843, 28.742145296451195], [83.14543247896613, 28.747158559602575]]]}}, {"type": "Feature", "properties": {"shapeName": "Karnali", "shapeISO": "NP-P6", "shapeID": "38925275B76883637113030", "shapeGroup": "NPL", "shapeType": "ADM1", "tourism": 70000}, "geometry": {"type": "Polygon", "coordinates": [[[83.65740412725138, 29.176170410556374], [83.64963757810384, 29.16850556272317], [83.646140607027, 29.16887759961589], [83.64397562115917, 29.167085295279616], [83.64440000346944, 29.16384041511112], [83.64168054803736, 29.161266048647065], [83.63340059513929, 29.1585143013512], [83.62962212800687, 29.16059942545664], [83.62669854834178, 29.165553984072833], [83.6228255155973, 29.168365039520456], [83.61474011043053, 29.17140307142359], [83.6144255222677, 29.17485574797024], [83.61022465822319, 29.180818943534426], [83.60750789447616, 29.181111124874207], [83.60442955719041, 29.178153789555008], [83.59616367370339, 29.17499814322316], [83.59019111967875, 29.174242308846736], [83.57608396973319, 29.180243849465842], [83.57608026497167, 29.187462118939756], [83.56997327942746, 29.190528553607244], [83.56931137151753, 29.19351976744199], [83.5694615360638, 29.196802340686258], [83.57227923159448, 29.199252093837064], [83.57208163023907, 29.202578657670962], [83.56322244419286, 29.206129881282475], [83.55552165206294, 29.204067578698645], [83.5524089617583, 29.200188640520924], [83.53913808000472, 29.202744452208897], [83.53095045110322, 29.208334996335914], [83.53048110053088, 29.21343357972219], [83.51968666180191, 29.21773526549054], [83.51757593578756, 29.221492448098505], [83.5180353253146, 29.227113059141164], [83.51516925592266, 29.228070426710094], [83.52281983111398, 29.238320780184452], [83.51780121386105, 29.240639676658372], [83.51954588897641, 29.245123537568062], [83.51609867038634, 29.24814051826062], [83.51484143583531, 29.255884280049177], [83.50845527766523, 29.25704520098899], [83.50421681610246, 29.25562876771542], [83.50276481086037, 29.259546069301372], [83.49158002925266, 29.264881528995332], [83.49349665504558, 29.27385516283519], [83.48731513147125, 29.2762249117982], [83.48725012507315, 29.28021947722799], [83.47881306058314, 29.28108683121824], [83.47157686329606, 29.274246292678598], [83.4652547747127, 29.27460460123066], [83.46255796909406, 29.276856226299877], [83.46219634350153, 29.282541318309207], [83.4600048174843, 29.28620925661349], [83.45491843517476, 29.28659914305991], [83.45590772056217, 29.290676905694266], [83.45074723684343, 29.293617491300346], [83.45143531510676, 29.297588070255426], [83.44371306579363, 29.29984336848978], [83.44426548349516, 29.30653825544832], [83.43835355237033, 29.308735336598158], [83.4399914396775, 29.312723491260723], [83.43941012137907, 29.31696621452484], [83.44317753739358, 29.320697050442384], [83.44657253520315, 29.329149629277033], [83.44246177281576, 29.335759639899848], [83.44498809208692, 29.34027919663393], [83.43903540208296, 29.34956568150375], [83.43693179180042, 29.350533496585594], [83.42870860709942, 29.349851184832517], [83.42352430524274, 29.356363501005337], [83.4173198964853, 29.356323035412323], [83.41516025921334, 29.359090245486968], [83.41739886533867, 29.36366322964616], [83.41321311749549, 29.366938111706332], [83.41550118889938, 29.37609929520337], [83.41183760016057, 29.38034184520193], [83.42270010462086, 29.384713355213044], [83.42360737030181, 29.38715114145965], [83.42048346400561, 29.397506756364255], [83.42623958421507, 29.402478256898885], [83.4207409598251, 29.4053755298035], [83.41599937667682, 29.410448109996988], [83.41433839341074, 29.42088655212506], [83.41277608368027, 29.422018797043336], [83.3968269425038, 29.421523476325124], [83.38116678173277, 29.42322451799181], [83.37715330634762, 29.427385505982425], [83.37145074267171, 29.42858799548717], [83.37075003414517, 29.434415443762084], [83.36444665722298, 29.43979447159058], [83.36313714443624, 29.44626859934606], [83.3662412736143, 29.4500931036538], [83.36198400272397, 29.451870497580753], [83.35382699239052, 29.451447727029485], [83.35158877256595, 29.458882563151988], [83.34238600824919, 29.465874896638855], [83.34409222398146, 29.468488493265596], [83.342084928661, 29.47507622356126], [83.3476999098255, 29.478608979963678], [83.34794737739605, 29.48479959539608], [83.34545462657412, 29.489285013910976], [83.34730956588479, 29.492307573668395], [83.34449689737417, 29.494833545727133], [83.3321122236633, 29.50003643510627], [83.32929278463769, 29.503646994041983], [83.32044009358764, 29.504578710888982], [83.31578688784002, 29.508980292307715], [83.31205849552585, 29.50698060901199], [83.3093993149061, 29.502769211951048], [83.30235726855055, 29.499746074784017], [83.29349700227628, 29.504436003695346], [83.28211297270586, 29.49876323375966], [83.27526326275736, 29.50269357699542], [83.27160471873533, 29.507886224895916], [83.26746928807013, 29.507484575770544], [83.26837703033402, 29.51115262174896], [83.26667583958998, 29.51346419364233], [83.26898820538429, 29.517018147472534], [83.26880231792953, 29.522159790551], [83.26507593196449, 29.52614961236635], [83.26386739755212, 29.532999830662664], [83.26073212224725, 29.536843923939372], [83.25590691682632, 29.539304872561924], [83.25423853617222, 29.544674971741337], [83.25885009588808, 29.551090756407653], [83.25539357696681, 29.556818544089314], [83.2589482724911, 29.557255682131405], [83.26396557350488, 29.55501003045341], [83.26882675529195, 29.556674385901328], [83.27397509991125, 29.554512477439175], [83.27883743258458, 29.557940356556742], [83.28215580152998, 29.557606438988813], [83.28402787901122, 29.56291259769422], [83.27779297926482, 29.569040993767963], [83.26907398611736, 29.568560219445764], [83.26149847633734, 29.573697000677726], [83.26120656282095, 29.577640253518652], [83.24705156622613, 29.57671275070172], [83.24236054781426, 29.578264909954587], [83.23203833254772, 29.577896600195114], [83.22950129305298, 29.581495289166224], [83.21555423816162, 29.588475614221796], [83.21450280032688, 29.58937163974316], [83.2167648899499, 29.594577188245083], [83.21814311107947, 29.605520063008388], [83.20514883747897, 29.607581111316275], [83.19887184146019, 29.606278014137164], [83.19603706847725, 29.61109895840509], [83.19109192184663, 29.60825852386774], [83.1882241143602, 29.608730437549678], [83.18644977301781, 29.6065813603597], [83.18882194152214, 29.600711256984216], [83.18733935198318, 29.596511501545674], [83.17771549309323, 29.592254690697192], [83.16776658703785, 29.595873766075105], [83.1640195011604, 29.594363788569154], [83.15885139512169, 29.597335432424142], [83.15987632999656, 29.6030573517939], [83.16359295144463, 29.609308261290032], [83.16447374398193, 29.616946436534118], [83.15008506380322, 29.62387188623937], [83.14503221291298, 29.62260336662166], [83.14205263629174, 29.62487573360368], [83.13572579303614, 29.622522795127257], [83.13140622060428, 29.617945283590245], [83.12036713676657, 29.628615371284152], [83.11685868884189, 29.624809611984123], [83.11651877426544, 29.616464323174682], [83.10859284334133, 29.616912037367463], [83.10543124353757, 29.618426723470822], [83.10114271991088, 29.614349164895728], [83.09018106823488, 29.612030279065788], [83.0895331639891, 29.608482476650984], [83.09232078140946, 29.60544992559742], [83.08570973168435, 29.602788200070002], [83.08163052290625, 29.60674089487915], [83.0693697522784, 29.6099620355024], [83.06541097312726, 29.616574296704233], [83.06547465256831, 29.626106344307573], [83.06213101720195, 29.627494664569568], [83.05461386606493, 29.626769182860368], [83.04992381594614, 29.630044431731484], [83.04338350250583, 29.630874756361568], [83.0384601492768, 29.64798058437963], [83.03349013984209, 29.65424617450578], [83.02357569264463, 29.650237775977082], [83.02106552500011, 29.650710944259163], [83.02107013601376, 29.657777221855586], [83.01409353390025, 29.660468178112893], [83.0137938613279, 29.664981314739187], [83.00861422827198, 29.67259758733185], [83.00055067026429, 29.66461146362258], [82.99167484019327, 29.663400694426308], [82.9850395812196, 29.668478932695077], [82.9731350401942, 29.667135443934665], [82.97068520850362, 29.66602032372134], [82.97027511288762, 29.664199300889823], [82.96504704445735, 29.662518880187637], [82.955718374388, 29.66268022630075], [82.94733595517397, 29.668965138912547], [82.94684462516167, 29.673269104085424], [82.94096103505672, 29.67415593367077], [82.94845542291064, 29.691613787127643], [82.94251147177921, 29.695389344482415], [82.93588097409892, 29.703169268949576], [82.93548441871485, 29.705495857350634], [82.92677520041948, 29.700659931374176], [82.9195727631676, 29.706066193459293], [82.91505299645074, 29.706448715523926], [82.9083160945709, 29.70042561614513], [82.89902487975517, 29.702665018712636], [82.89095325225868, 29.701440638599923], [82.88790288941547, 29.699714504927947], [82.88620725422311, 29.692780753679674], [82.87685779302292, 29.69200493780308], [82.86832381745002, 29.686298345518377], [82.86069901321181, 29.684597891869334], [82.83865344095304, 29.69181757742476], [82.83329384338045, 29.68933241890467], [82.82646432575474, 29.68991263881343], [82.81809757944012, 29.696913235083873], [82.81500416190305, 29.70477482845687], [82.82139911461833, 29.71384876121104], [82.81790651203755, 29.72116096194841], [82.8071378461002, 29.721619197161814], [82.79764293985264, 29.719065984296062], [82.78209030807754, 29.725637889676474], [82.77893537150028, 29.725157763201338], [82.76294318618368, 29.731206898243105], [82.766269244222, 29.733818015546166], [82.76674926145378, 29.742478336220657], [82.76147169669674, 29.747523785807104], [82.7585715976465, 29.760128561901517], [82.7522185465519, 29.76559651793466], [82.7479630504946, 29.766298327558008], [82.74475642586246, 29.769511041250382], [82.73858290735804, 29.76877120784194], [82.73314192472682, 29.77073538175127], [82.72782324211153, 29.769245505288517], [82.72382576234929, 29.77054888739208], [82.71902237632263, 29.76616097823823], [82.71563173033294, 29.768577325946342], [82.71107490756575, 29.76896603564444], [82.7072645626067, 29.76516927371433], [82.69773474186482, 29.761688397355343], [82.69327079810319, 29.76121131368315], [82.69009531800731, 29.76315327310463], [82.68920417997788, 29.770149354092855], [82.68651092211938, 29.773494250998205], [82.69609114447614, 29.781662875375787], [82.69412604198965, 29.791194515651544], [82.70077806363327, 29.79485045731978], [82.70524699719947, 29.792596171319822], [82.7102701196358, 29.79280541342113], [82.71998714977812, 29.80024979493863], [82.72812723633793, 29.802967097725016], [82.72913105240137, 29.808653267159603], [82.73714855024332, 29.81355867399093], [82.73054486171587, 29.821406841610184], [82.72661931507074, 29.83533141441085], [82.72216935649793, 29.83879764867827], [82.71482975044552, 29.83792581053571], [82.71060012214447, 29.838845286063332], [82.70390997357894, 29.845311018922256], [82.70055778000908, 29.85313536025803], [82.69721175679848, 29.85536660164328], [82.68646659814577, 29.852111811350234], [82.6844230985407, 29.84717730754824], [82.67606806388959, 29.84332529653272], [82.66995838546785, 29.843987831750763], [82.66599954564265, 29.84105667386126], [82.66065543816418, 29.84231741520996], [82.6557574332255, 29.838366089374876], [82.64856672849268, 29.838301740143127], [82.63972183423826, 29.833896649240604], [82.6209861395186, 29.837308430112987], [82.61894826382617, 29.8420456435917], [82.62033189293696, 29.845057318038283], [82.62251041740568, 29.847811091310426], [82.63173787170092, 29.84964361614213], [82.63146714621872, 29.85678525460321], [82.64052916462659, 29.862945433742837], [82.64281789252959, 29.867326055877275], [82.64230308887763, 29.870541183398526], [82.63461440166556, 29.876334464721015], [82.6196829475487, 29.87930934181786], [82.60239799664444, 29.889074983710067], [82.60149478481397, 29.893453997066107], [82.59628025090464, 29.89982582213714], [82.59435584192335, 29.905542568783762], [82.5900618615503, 29.908989996054252], [82.584781909162, 29.92131432249735], [82.57967147716496, 29.921611156958566], [82.57687205144235, 29.924650268377857], [82.57190731323722, 29.926835927417578], [82.57007162125467, 29.930370194332287], [82.5666791065284, 29.932482507210917], [82.5634061093127, 29.942660440373487], [82.56477397121417, 29.94655871873085], [82.56258202083505, 29.949840878053973], [82.5630984714608, 29.955229503770614], [82.55219756647645, 29.959546063648787], [82.54936469595754, 29.96323811300553], [82.52973779044088, 29.9711772669017], [82.51908821651666, 29.956546238378714], [82.5141538501616, 29.95219020138186], [82.49925962966101, 29.946040814347416], [82.4947525910922, 29.950904790277765], [82.48840310078337, 29.953308409915174], [82.48593892873016, 29.957131639403578], [82.48113279792237, 29.959086822653113], [82.47387692226981, 29.965279572583125], [82.47712959348328, 29.969022704521155], [82.47616732338716, 29.97365881722032], [82.46501987591293, 29.978785109931994], [82.46322180908577, 29.98207277436883], [82.45734896716026, 29.979918829952187], [82.45630022994926, 29.97692659641601], [82.43859174179806, 29.988703543076547], [82.43215611571871, 29.989024107696533], [82.4236982698069, 29.995822595094563], [82.42095255072012, 30.00404296819477], [82.40894687934461, 30.010766037256495], [82.40647338149775, 30.015300574332777], [82.40253737135146, 30.01457802248198], [82.39808951767696, 30.022480088727686], [82.39550640533484, 30.02400715751005], [82.39087104069178, 30.023932159582344], [82.38722035712871, 30.0204526846704], [82.38369284973633, 30.02326143207966], [82.38216323427476, 30.027140544477348], [82.37596465986329, 30.026434271525606], [82.37764654391174, 30.020431486421263], [82.37567487956721, 30.01699046917551], [82.37786543997254, 30.01119429686808], [82.37270606279681, 30.015648115809963], [82.36301586314048, 30.01044696609443], [82.35951512936316, 30.021652983762127], [82.35452742132334, 30.02582008217891], [82.34925984736401, 30.024906717345598], [82.34479513335017, 30.02888546605755], [82.34362726713033, 30.036833324133315], [82.33788541312016, 30.040973664151064], [82.33413087647007, 30.046920362486222], [82.32699903822862, 30.047109803945453], [82.31997757978016, 30.04951453918183], [82.31859913309296, 30.04349577380134], [82.31569584074532, 30.040349591654582], [82.30994742893259, 30.037642139258033], [82.30512065707534, 30.03744877512903], [82.30099956556532, 30.039097561487228], [82.29851967806928, 30.03790426237378], [82.29696559233645, 30.04047249792392], [82.28949356208041, 30.043337870489367], [82.28525025743306, 30.047253815347073], [82.28538577717974, 30.051771891244282], [82.28132790621822, 30.061168321843592], [82.27841058660908, 30.06283168609356], [82.26554455029824, 30.062209684221497], [82.25875030196603, 30.065105126719885], [82.2549259995388, 30.069106320474916], [82.25266326707582, 30.068088258097422], [82.2516938786704, 30.072488392105036], [82.2467295708198, 30.07521250198865], [82.24308813361051, 30.075136456016736], [82.23388987133428, 30.0697790798233], [82.23123632790457, 30.064876317412157], [82.22009060491165, 30.068284148551292], [82.21082585475226, 30.066096597590604], [82.20579632868511, 30.06757032372447], [82.19948364544236, 30.06682749171545], [82.18848266176282, 30.06976899522906], [82.17191658142136, 30.065229124581077], [82.16623090702068, 30.076082207358397], [82.16589241473008, 30.081432321557912], [82.16907338418214, 30.086485077921335], [82.17394852358152, 30.08673931038748], [82.1771073605948, 30.088948210903858], [82.18176220861875, 30.096285521646575], [82.17918574376928, 30.09990795492162], [82.1794471613147, 30.10237728852125], [82.18387854679176, 30.109344443944288], [82.18656233525354, 30.110948455801537], [82.1792732801007, 30.1172159479643], [82.171600512957, 30.117643173161255], [82.17083072353653, 30.121991313557203], [82.17661286757017, 30.121962210794234], [82.179187815852, 30.12918056683246], [82.18697084786174, 30.133774181121986], [82.19884973316888, 30.13627998822581], [82.19690189055001, 30.138760477098305], [82.19757741118887, 30.1426512442652], [82.20480026655497, 30.15079632821988], [82.20549892405873, 30.15388848412226], [82.20114515891657, 30.15656698078158], [82.19478387954207, 30.15802331418934], [82.19347602527736, 30.159807751894775], [82.18206669528263, 30.16087855060309], [82.18145156615357, 30.165610969656413], [82.18651841896568, 30.17292622584683], [82.18649317482465, 30.176072365175806], [82.18391870260199, 30.18012113372629], [82.18719884619749, 30.185028091886963], [82.18448479697622, 30.190825880065955], [82.17867606388766, 30.1924500814517], [82.15875517145854, 30.18929447007184], [82.15337436621495, 30.191633171165932], [82.15219372996697, 30.19419191241537], [82.13912724838283, 30.198915717361736], [82.13809404529223, 30.200609292493912], [82.13960280025726, 30.202607812044644], [82.13215635181392, 30.207705911764776], [82.13103537807318, 30.214463131750207], [82.1333163489839, 30.219312392655166], [82.12734348424208, 30.225784446301823], [82.11274631996235, 30.22483576397363], [82.1093912588186, 30.226009856116885], [82.106508429544, 30.23132712403196], [82.09979312686767, 30.236651837629836], [82.09840151765292, 30.239324626923292], [82.10501739247627, 30.244187574004684], [82.10465723648679, 30.248446165899814], [82.10746353684375, 30.25177370400284], [82.1073896724189, 30.255082701806376], [82.11712272382204, 30.257604788909884], [82.11843719544788, 30.25949012924036], [82.11808912366135, 30.262481216200857], [82.11544201757893, 30.264222264658105], [82.11721411495503, 30.26929262204673], [82.11614432722251, 30.272449869940523], [82.10943122340544, 30.277188763583883], [82.11243878604003, 30.27844868722294], [82.11406888398457, 30.284514824221258], [82.11639490928104, 30.286091645144225], [82.11795403520316, 30.2912449295196], [82.11640769147633, 30.29421693904913], [82.125461738892, 30.30183628395541], [82.12829946565641, 30.302258346552897], [82.12282450747608, 30.31011058773826], [82.12002372486458, 30.31894777377362], [82.11790162919011, 30.319608617852783], [82.12110395765058, 30.32187701077682], [82.11870994333255, 30.326804697807482], [82.11377126600537, 30.32915615447459], [82.11082893554651, 30.3349589377167], [82.11076875739792, 30.34477163217776], [82.1047436180902, 30.349628397868464], [82.1007672324723, 30.34945673331865], [82.0998152654159, 30.348037229228918], [82.09196359619767, 30.35128055875505], [82.08541316031192, 30.35914478293751], [82.07663499130358, 30.359305330459065], [82.07005114330944, 30.35619765611559], [82.06726626616015, 30.356694006370983], [82.06460378366464, 30.352045222037248], [82.06534196046518, 30.347274058739092], [82.06020883012582, 30.34525230222135], [82.05920928697813, 30.341591197945046], [82.05659461188354, 30.340105864477668], [82.05600945964322, 30.332587380608082], [82.04122383608255, 30.340950877700994], [82.03098418473203, 30.33753649374717], [82.02275191407811, 30.34233473404379], [82.02157991246501, 30.344396147010364], [82.01630689183514, 30.344150845395255], [82.01115958290252, 30.34183855352092], [82.01216030900858, 30.329172393201567], [82.00537661952742, 30.329014999919018], [81.99814670946044, 30.320678749480134], [81.99377196895266, 30.322247914809225], [81.98857227437422, 30.320767230509546], [81.98720551712482, 30.32121060714337], [81.98638023064981, 30.32589183880164], [81.98206187969008, 30.32957555453307], [81.97482287206948, 30.3298394890892], [81.9692256173197, 30.337828402624375], [81.95667559272387, 30.34124502629254], [81.96214681005237, 30.34616632403472], [81.96221146437712, 30.35078226228375], [81.96052696612583, 30.353025026803248], [81.954091389157, 30.354409491541265], [81.94933870830391, 30.358945494221036], [81.9460478207878, 30.357063689184447], [81.9450435943504, 30.349912915103943], [81.9394999019108, 30.34755331058051], [81.92342202637579, 30.348953388992932], [81.91956545348934, 30.351136564581854], [81.91450086052554, 30.349981289768248], [81.90940449202884, 30.35373348810411], [81.90429951669948, 30.35327045912259], [81.89210255507403, 30.357456515389806], [81.88871952063612, 30.36079027755486], [81.88216854883729, 30.360794059060932], [81.87858189471501, 30.365400821594363], [81.8780767619022, 30.369486114899264], [81.86770160666268, 30.377320225722087], [81.85388740985329, 30.37935302578705], [81.84989482647842, 30.376431435004264], [81.84989357623773, 30.3731320610854], [81.84056173520243, 30.37660010106847], [81.8263931531649, 30.375055423081037], [81.81954128806511, 30.378233338504312], [81.81523990606122, 30.38358714510998], [81.81100659785113, 30.3844772513612], [81.8090025101894, 30.3872613340288], [81.79763308800524, 30.386672730862866], [81.79074380646358, 30.388985664974214], [81.78289632918488, 30.385426768210202], [81.77406094192713, 30.38434955912325], [81.76220273846629, 30.389085382039795], [81.75113327010308, 30.38877288240158], [81.74818015943043, 30.38973025034792], [81.74573175391669, 30.39275274122383], [81.73921626339144, 30.393439335280974], [81.73666874683873, 30.39639464515132], [81.73170339741202, 30.398283021689146], [81.72936689712527, 30.40219317979192], [81.72926021909329, 30.40919638810369], [81.72684638761312, 30.411318464925987], [81.7143757864417, 30.4117932473386], [81.70660732145554, 30.417103821813477], [81.69999400576167, 30.41930670861425], [81.69483694588455, 30.42380195984369], [81.6723345425441, 30.42760034859106], [81.65363273886362, 30.43484227609829], [81.64657430892274, 30.43976458645044], [81.63921624736139, 30.44056765726293], [81.63400681966662, 30.4450990923808], [81.62016194107406, 30.447276505923647], [81.61793814721098, 30.445904605637974], [81.61757066358089, 30.44097856992431], [81.62195973835568, 30.424379207566613], [81.6168318859397, 30.42089209321307], [81.61182900792541, 30.41431896192648], [81.60681967737395, 30.41217497059874], [81.58929057313334, 30.416788416480735], [81.58297814427046, 30.422887874713375], [81.5742849618014, 30.426654458940583], [81.56476715514927, 30.429826338407242], [81.56083360589618, 30.42803001811342], [81.55787867114361, 30.419481602260802], [81.55947273357764, 30.407433832488802], [81.5533998978677, 30.406647760793337], [81.55079239360195, 30.402655667465773], [81.54982498445213, 30.38100433695717], [81.55565262003577, 30.37402208038236], [81.55183991050625, 30.369825301830282], [81.54653866164732, 30.372186316796913], [81.5351031918497, 30.371317993576934], [81.50686622968256, 30.38068640381253], [81.49570717249222, 30.38254694945294], [81.48947268080761, 30.38127592211221], [81.47621912591069, 30.388638917282492], [81.47143315744799, 30.39921109583661], [81.46772946962956, 30.403286221823837], [81.45597821993937, 30.406519065168037], [81.45280832599778, 30.411011407736893], [81.44715787524666, 30.413423726314953], [81.44502893606075, 30.41590958587725], [81.43863608121877, 30.418689484394772], [81.43634299257062, 30.41346032556107], [81.43396564455765, 30.41280973008539], [81.42768934607187, 30.421917090370684], [81.42114815346052, 30.420357337772995], [81.40831665770956, 30.421266388886735], [81.40606039274144, 30.41858511332052], [81.4066000268995, 30.413957873840314], [81.40280393673349, 30.409934767997616], [81.40505701840637, 30.40546678558031], [81.40070009895248, 30.39621766915405], [81.40673390379662, 30.39556525008352], [81.40966191759482, 30.393185766123032], [81.41193490926372, 30.39360488212525], [81.41662678215792, 30.38898238541781], [81.42021678684638, 30.38897087327592], [81.42069178612881, 30.38538334585853], [81.42934962601348, 30.383402088885916], [81.42262387066687, 30.376297173009032], [81.42011144568256, 30.370578995517384], [81.41162727802619, 30.372047177779834], [81.40236721044069, 30.37035971260955], [81.39908477375518, 30.371174903605095], [81.39529129355343, 30.36794328343809], [81.39979629406098, 30.364657094909212], [81.39938028973039, 30.35765106828653], [81.40605001318633, 30.353167208892977], [81.40255797186138, 30.344073151916923], [81.4056321235443, 30.339807848930324], [81.40583296499616, 30.336633965270835], [81.39888175257157, 30.32882255041446], [81.3964075660742, 30.32341946832233], [81.40538764672033, 30.316116221766244], [81.41473241427644, 30.316422943202276], [81.42328312674029, 30.30510526016676], [81.4169420462792, 30.302601849020704], [81.41032609388115, 30.29502679189612], [81.40192210055181, 30.293092985837774], [81.40357045381029, 30.28515582493061], [81.39959937782557, 30.28156617411679], [81.41524942388692, 30.28412920545601], [81.41660859378878, 30.28166426991992], [81.41504930648391, 30.274835460219304], [81.41039713410561, 30.267917116131837], [81.40842265429058, 30.261064739971367], [81.39471391172567, 30.25104331906486], [81.3920081678121, 30.250534955791064], [81.39561349357781, 30.246529884637376], [81.39643426544667, 30.24245415757323], [81.39028876937064, 30.23369015642113], [81.39699492841027, 30.218586055190528], [81.39524699438147, 30.21433087234667], [81.39645136271332, 30.20900226914276], [81.39506434528948, 30.206627038775554], [81.37455134866431, 30.19671388984584], [81.37098169117714, 30.191123935083684], [81.37025080948773, 30.186601604223128], [81.3590386092639, 30.182836998567748], [81.35723508612402, 30.18051206885971], [81.35064291315088, 30.178048901953918], [81.3341076294634, 30.160411915876168], [81.33213759033728, 30.153226632862683], [81.31677216608759, 30.151974545864217], [81.3095353287175, 30.156789055461953], [81.30918898151455, 30.161413487233887], [81.30487240065617, 30.164267657784688], [81.30352847961231, 30.163206240489558], [81.30358154063921, 30.159347107230705], [81.29105454516676, 30.15778315116675], [81.2868874174933, 30.155000109486053], [81.2730759393101, 30.15534307965989], [81.26483488131242, 30.152139211688763], [81.25810057396912, 30.151300076563047], [81.25626447283092, 30.146542566365753], [81.25716558573764, 30.14375977930157], [81.26448989780604, 30.13615347321097], [81.2723886725325, 30.13332934625713], [81.278699642113, 30.124720621639007], [81.28253533200609, 30.12300958499887], [81.28521746461645, 30.115811240185003], [81.29050410748026, 30.112529246800737], [81.2882823897662, 30.10678507465382], [81.28521534118582, 30.105136252049807], [81.28921309831192, 30.094779536914036], [81.28715568266576, 30.08830649891798], [81.2889708959283, 30.083302247300598], [81.2859744569408, 30.078448229313185], [81.2895639091197, 30.07434222815646], [81.2876727568431, 30.07295702220451], [81.28748346328602, 30.069811129726858], [81.27974471980684, 30.066045383461955], [81.27852004486049, 30.060673252088108], [81.27461198726762, 30.059053040586075], [81.27421086919479, 30.054630954144166], [81.27144430635339, 30.051479027921914], [81.27196915523197, 30.04526643634044], [81.281368330097, 30.04347841765578], [81.28466904311227, 30.03754621135747], [81.29104889820402, 30.03498585069328], [81.30685766624457, 30.031047934053447], [81.30979491827763, 30.03285667793391], [81.31462038201322, 30.032705443569295], [81.31866151414589, 30.02560004515009], [81.33177642284394, 30.024128671378698], [81.34646180895527, 30.018785936184237], [81.3570508107573, 30.01055454472287], [81.36286784105407, 30.00957327735351], [81.36810259592696, 30.010943592693938], [81.374816878289, 30.009939027602446], [81.37661656714614, 30.006467255207767], [81.38195069537248, 30.00721650472685], [81.38392662391429, 30.01359142896495], [81.39023457216616, 30.016883888926454], [81.39955220714951, 30.018105461268604], [81.40133944070713, 30.022827350410637], [81.40482626628975, 30.019661384796855], [81.41264139887363, 30.01862889940622], [81.41922697153873, 30.01275073203296], [81.43025529676294, 30.007588493608566], [81.44027168103992, 30.006946377041523], [81.44453528975448, 30.003012055564664], [81.45451386627283, 30.002432182724597], [81.45715946548924, 30.00097504417303], [81.46323898250509, 29.995197858453974], [81.46071924786011, 29.98568872477432], [81.47005302900287, 29.975113724379337], [81.47019210565065, 29.973157724179945], [81.46829708948823, 29.971220318822777], [81.4686905430187, 29.963699161139267], [81.46692889951602, 29.960746291556013], [81.45276282887704, 29.951169380252175], [81.4528761011011, 29.949037584272357], [81.45860555237864, 29.942637078229556], [81.4547854668024, 29.934758396449325], [81.45903318500633, 29.931838604448373], [81.46035401742068, 29.924000737793857], [81.46269231196038, 29.92096799375855], [81.46010465690802, 29.91805848286824], [81.46166990080773, 29.913321014463055], [81.45704629489185, 29.905745168016246], [81.45643271067381, 29.901193464728134], [81.46449980306684, 29.893381622885734], [81.47069164062671, 29.889834354068523], [81.47985490511472, 29.89205683035452], [81.49273766090126, 29.887171338993443], [81.49561833881944, 29.890024984311808], [81.50399263936062, 29.892884827044917], [81.51694053214722, 29.904344419453732], [81.51200068854766, 29.916152986561368], [81.51688621270937, 29.92278530102276], [81.52832024309791, 29.9241023320232], [81.53491952582812, 29.92758521722412], [81.54224546551609, 29.927097424361804], [81.54937374476468, 29.923168203915868], [81.55538984820033, 29.92711941216441], [81.55964784272571, 29.926156311787032], [81.56429968271922, 29.930875242110815], [81.57021907354476, 29.933470576211043], [81.57756349534267, 29.93390325994575], [81.58490205977121, 29.936861581118357], [81.59103389073931, 29.930665623538353], [81.59688776109384, 29.931388009820864], [81.60263224433683, 29.93016426543792], [81.60516516781165, 29.932496080660773], [81.60599734345844, 29.93724445554493], [81.612895913787, 29.943239108216854], [81.61865089549462, 29.938509634191906], [81.62145174366914, 29.93947308133068], [81.62661899196688, 29.93837500438551], [81.63444362361052, 29.940832066949348], [81.63715642696313, 29.944905844212073], [81.6456280192935, 29.948164339012518], [81.65306709338621, 29.942863504097847], [81.6574123612338, 29.943399011844132], [81.66514666840023, 29.940295036554343], [81.6707145220205, 29.940688575465938], [81.6877897767137, 29.949085516138297], [81.69793577020762, 29.941487809382856], [81.69897731707971, 29.937952532398437], [81.69748282563407, 29.931500932968756], [81.70965142710762, 29.926880036785086], [81.71078306064524, 29.91431567507638], [81.71599924511595, 29.90943152041917], [81.72655580808943, 29.91234870183682], [81.73133086767439, 29.910815723970103], [81.73338420090977, 29.907942148267555], [81.74221250133333, 29.907304142599752], [81.74594452714872, 29.908643067509576], [81.75498722538367, 29.908548762608262], [81.76179472192477, 29.912393368453483], [81.76936604817155, 29.909532492473094], [81.7799722534305, 29.911071556232457], [81.78263474564686, 29.908568017057668], [81.78557549766309, 29.910366137931625], [81.78867764747986, 29.90963268684761], [81.7989019449877, 29.902042605652895], [81.79873893936579, 29.8966982954472], [81.79573378469333, 29.8969622921422], [81.7936381598429, 29.895542709155805], [81.79634400731216, 29.890442727392433], [81.79721297426399, 29.878804024839617], [81.79526382491585, 29.860407044414544], [81.79154451624477, 29.853809740118827], [81.79421036560349, 29.84884980628646], [81.78918377974604, 29.843315821732578], [81.78078106736656, 29.839285649080296], [81.78301723467239, 29.837249308712348], [81.78338774344577, 29.830523635608053], [81.78160127539223, 29.824927200419232], [81.78278522445747, 29.822252030743382], [81.77919610925535, 29.81439047316707], [81.78036064385029, 29.807066991086128], [81.77365784797455, 29.798156738475488], [81.76452172061224, 29.801829829222648], [81.75822241310944, 29.797425158845215], [81.7553591921872, 29.796828112874877], [81.75300410455006, 29.798736087890106], [81.74672197720008, 29.794633013423947], [81.73962292995785, 29.792241517595045], [81.74023889887542, 29.78933079920807], [81.73722914415218, 29.784662948748576], [81.73614599464621, 29.77691922531467], [81.73018307473761, 29.769222806706637], [81.73284007762129, 29.75919609920063], [81.7267954829803, 29.747963324338603], [81.72648215838059, 29.744029252450957], [81.7283048272727, 29.741599069103906], [81.72616076309797, 29.737178830977847], [81.72702013576796, 29.734142753500755], [81.72310056572915, 29.72966449659975], [81.71991026084879, 29.72920599627222], [81.71403150212622, 29.722318001522062], [81.70869431378878, 29.700272129621336], [81.69706704794523, 29.6783290980887], [81.69949131895883, 29.66194129751398], [81.7021532567951, 29.65552837378721], [81.7003345867019, 29.647492542774856], [81.70361048706606, 29.64543171803255], [81.6993934367031, 29.64208422554928], [81.7026285579062, 29.641976905551463], [81.70285429989256, 29.637205294257328], [81.70951247517728, 29.632352090922662], [81.710440955236, 29.62633160749683], [81.71307361423479, 29.625252869645376], [81.7161860839704, 29.620555915410176], [81.72030320470917, 29.62078170010764], [81.72068660455155, 29.616437738600407], [81.72794913674365, 29.614995097856898], [81.7349888025509, 29.607763498131565], [81.73854927985916, 29.606230252613734], [81.75047767265714, 29.604925037517006], [81.76882063364553, 29.606572632521747], [81.77377322062354, 29.605828832911403], [81.77792413618069, 29.59976877082359], [81.7904657427625, 29.595765568944067], [81.78969726064491, 29.590122338512565], [81.79861160533875, 29.576046469056685], [81.79901716309588, 29.55923142838076], [81.7975699250172, 29.552162259273626], [81.79358204615147, 29.547837485877878], [81.79038861239523, 29.540553126106815], [81.79289038574493, 29.53060490686509], [81.7857284664972, 29.528407640545165], [81.78239729759288, 29.524759749543495], [81.78108374173311, 29.52045044806129], [81.777293002716, 29.51735543792628], [81.78062594252141, 29.509188874528775], [81.77490318254212, 29.508054028194586], [81.76919850027798, 29.509386325655715], [81.7624923617897, 29.505371736242687], [81.77921465135118, 29.50125316186764], [81.78391698969392, 29.502337499082437], [81.78804984080432, 29.500048520032802], [81.78938293817738, 29.494902458901674], [81.80391399132604, 29.475167381518165], [81.80706172126409, 29.46617801724854], [81.80822236233283, 29.456354767996874], [81.80316664981781, 29.447387975789837], [81.80543491951023, 29.43936700944573], [81.80217056362356, 29.431729117907334], [81.7990360358404, 29.429172064954074], [81.79674904411765, 29.41460577385014], [81.79644925700865, 29.408452096342195], [81.79792182907633, 29.4070944935241], [81.79450636881516, 29.399432289992404], [81.79045741922221, 29.396048302071353], [81.78934656869572, 29.389042318275365], [81.76883899851123, 29.39225223973147], [81.76691054342461, 29.390454382048176], [81.76652761560014, 29.38575594199876], [81.76109590468779, 29.386614850041493], [81.75817968997721, 29.382343523711487], [81.75654071887797, 29.375692124578688], [81.74968181537365, 29.366575385765525], [81.74916808641733, 29.36226109587512], [81.75120255190785, 29.359132353356575], [81.75022064933454, 29.35410568580832], [81.75231577867552, 29.351822490896893], [81.74735298325139, 29.34667596778088], [81.74549368628037, 29.338918044042487], [81.7402544810546, 29.334302905442794], [81.7299340605262, 29.335234929059414], [81.7160067786026, 29.331349543261606], [81.70319291352781, 29.33061687647476], [81.69393820524738, 29.32546610934563], [81.69092082610106, 29.320593837980628], [81.68290718868154, 29.31954332774756], [81.67830384473545, 29.321486334058676], [81.66852838045087, 29.317071742287066], [81.66436340882387, 29.319354909690116], [81.64774838889346, 29.321466677412406], [81.64656237241138, 29.328081416094108], [81.64248342670057, 29.33182744866478], [81.64194970355842, 29.33446463152672], [81.6439933932309, 29.343434444726615], [81.64409237610992, 29.354357984760856], [81.64309279313514, 29.35621467242538], [81.63914334053399, 29.355737414242412], [81.6382693585141, 29.36154310858955], [81.6347332279226, 29.36442460324328], [81.62755899001282, 29.36615934465013], [81.6255992721707, 29.368875314913243], [81.61367399167068, 29.37080059996121], [81.60924952814598, 29.36750509865725], [81.59990152376672, 29.365645960996954], [81.58179251136555, 29.36483298251244], [81.57964478166235, 29.362528045897726], [81.57628898391188, 29.36286971913762], [81.5731751333464, 29.360780810414994], [81.57289435481363, 29.353861705116206], [81.57047369275347, 29.349744308717746], [81.56702800901884, 29.34785062828808], [81.56105557333927, 29.351487145000103], [81.55845481691183, 29.357917695715415], [81.55038737636103, 29.349555684082855], [81.55059541373868, 29.34575854269684], [81.54737460833704, 29.33825820272409], [81.5404586555893, 29.332299856149845], [81.5359040471761, 29.33115427901361], [81.52891240183271, 29.32610922093976], [81.52388577750793, 29.315134932462225], [81.5180933829105, 29.314977058482658], [81.51520776388232, 29.312073916233626], [81.50796702136421, 29.314621206694525], [81.50000253144269, 29.297325409586755], [81.49076834389375, 29.290635476161064], [81.48386728807512, 29.27961904182963], [81.46806682683498, 29.271904493894063], [81.4776365312608, 29.264011797184118], [81.48706319339684, 29.263402540599138], [81.49121209354384, 29.261697879972775], [81.494758937284, 29.257173412406804], [81.49324866443244, 29.252275102047093], [81.49521864788913, 29.24486238396593], [81.49962814917527, 29.23887062800876], [81.49482841053967, 29.23632824062231], [81.48704113312718, 29.226975325271543], [81.48569265664426, 29.210824880813032], [81.48210944521261, 29.200603664930128], [81.4847046002366, 29.192773682595774], [81.49076740582575, 29.185039235898884], [81.48679597819073, 29.175920410471946], [81.48732264299187, 29.173017626873015], [81.49067930186061, 29.169887963726524], [81.49525700709725, 29.168876306594964], [81.49695120299852, 29.15484170314402], [81.499096839249, 29.151756894784413], [81.51202433573388, 29.151263736151964], [81.51352841147441, 29.153091898073978], [81.51833455926217, 29.153628285286736], [81.52467352423781, 29.152757700264694], [81.53333301180709, 29.146585704423437], [81.53303671064566, 29.140952102043496], [81.53529734700115, 29.136898572697937], [81.55241909357864, 29.128584388650037], [81.56555903293955, 29.12616560028652], [81.55137426412935, 29.119698893020843], [81.5367222304508, 29.106760783365473], [81.52351950932056, 29.10427977815806], [81.5180871304761, 29.096595299464376], [81.51478184999878, 29.095464361609256], [81.50990778240761, 29.09074361344577], [81.50059448061504, 29.091177950446543], [81.46939032794992, 29.078137447044885], [81.46681567804606, 29.067097693413338], [81.45930324277536, 29.064709943053572], [81.44414142959792, 29.05380470118457], [81.44297232950728, 29.046969074221888], [81.43966908020147, 29.040298341941053], [81.4327280722397, 29.037530446766294], [81.43002463809614, 29.029497286501098], [81.42553842050306, 29.023010396589058], [81.41780543909675, 29.02137438453478], [81.41491689721921, 29.01385348698428], [81.41903712080641, 29.00432580594148], [81.41730885615377, 29.000643002152835], [81.41014689290537, 28.996978999889116], [81.41513306907466, 28.99442599002861], [81.41616322765893, 28.99152633702771], [81.42023123332964, 28.988055588844812], [81.42153931842306, 28.983533089855115], [81.42514981890469, 28.98027112920224], [81.42565554447599, 28.9776933762827], [81.42246809936096, 28.97044207427952], [81.42402989279351, 28.966401533521505], [81.4282727841156, 28.964574384174398], [81.43279535726852, 28.957111264141492], [81.43715202031096, 28.95670242199376], [81.44224651855023, 28.960177664230752], [81.44395356375358, 28.958545713674834], [81.44464189987545, 28.940445160548684], [81.45130389290557, 28.938997257324523], [81.45502683055102, 28.934892687511166], [81.45591033700096, 28.931113427349572], [81.46653505376128, 28.928916020685342], [81.47370609588, 28.91672087587877], [81.48074576770686, 28.909053244264765], [81.48323315947978, 28.902820544483923], [81.49166253320269, 28.894222456552235], [81.50046747727411, 28.889524946103805], [81.50898450231679, 28.88982471643274], [81.51013713255048, 28.883901096250273], [81.51515654753337, 28.87445716638726], [81.52214148681531, 28.869970550481785], [81.52787432015208, 28.859569280895222], [81.53192532778976, 28.856122217782243], [81.53784268786806, 28.84271716799727], [81.53787891294408, 28.836432316423604], [81.54333245064684, 28.831118256284057], [81.54892864539102, 28.81890515391545], [81.55184098801126, 28.81586816156668], [81.55222154212403, 28.809593188325817], [81.55689404804201, 28.797579679934053], [81.57988147186774, 28.780072420831697], [81.5820376232557, 28.764885860955182], [81.5813080674478, 28.75924037619273], [81.57826304315891, 28.755538055489776], [81.57171743339244, 28.7554349794689], [81.55387806955564, 28.7501088664847], [81.5424442724609, 28.748512928642814], [81.52046587257101, 28.74908208832693], [81.5207391063796, 28.7515331770145], [81.52954565223617, 28.75573771284398], [81.53506849636653, 28.76133982699756], [81.5278318816679, 28.77457400205937], [81.51818777633046, 28.776952905124947], [81.51547552386391, 28.780455356043067], [81.51589971222936, 28.7880807773132], [81.51848092020273, 28.79584677655478], [81.52309398580391, 28.799228522118664], [81.52237120274957, 28.803346004637294], [81.51794917833733, 28.80703779148742], [81.51009876917125, 28.809332537621245], [81.49824205318285, 28.82128314603257], [81.49395931015466, 28.833243602017927], [81.49082373449622, 28.837096702497234], [81.49053970676428, 28.840984461877138], [81.48169825256785, 28.84281436436633], [81.47428015522482, 28.84909830772742], [81.46327133922085, 28.852811317758214], [81.46293709530336, 28.85515628304208], [81.46739906193666, 28.86193771055391], [81.46589595214628, 28.86950667304942], [81.46223254216967, 28.875163348479216], [81.46248729213659, 28.880603594018385], [81.46695494417465, 28.88741651849354], [81.46494517518032, 28.893676659075204], [81.4406419299889, 28.900410715327162], [81.4357283434772, 28.904387967791024], [81.43178589927919, 28.910667331293503], [81.42456815394381, 28.90936154721958], [81.41868498876707, 28.910936511011634], [81.41417092459028, 28.914169527038023], [81.4035452047154, 28.90905623982387], [81.39439908376339, 28.908526170670626], [81.38745935834548, 28.89994481869568], [81.37484394003097, 28.893023487584028], [81.35524022382916, 28.889778599718827], [81.34763712604536, 28.890202212092834], [81.3423406799286, 28.892701722758286], [81.33893228043415, 28.89571508587793], [81.33716776107616, 28.900003351327875], [81.33660259767878, 28.90698431715397], [81.3321929151855, 28.90893526636462], [81.32419732901909, 28.90810205298113], [81.31630657577134, 28.920239194422816], [81.30988851353082, 28.92010068666796], [81.30205073614701, 28.92575812106185], [81.28351495252028, 28.921636392127432], [81.28171499608601, 28.918770761303634], [81.27578496867027, 28.91627229418208], [81.2724077006739, 28.907447510937118], [81.26612925915497, 28.90267993703304], [81.26130740866964, 28.903025467969282], [81.25172366085265, 28.91372965867067], [81.2456920841221, 28.915164261553215], [81.24124014640768, 28.913999249212335], [81.23663653048786, 28.905990126405356], [81.21917871615271, 28.906152762956403], [81.20421140939811, 28.90810732642475], [81.19452778185152, 28.916229194032333], [81.18440855559902, 28.914894377520767], [81.16878688668973, 28.921454566262373], [81.15542119341967, 28.93369962816509], [81.146837412804, 28.93824353275834], [81.14221804906938, 28.945417553212692], [81.13255468457186, 28.94881567605632], [81.12668909194848, 28.957440859060895], [81.11924750714928, 28.96350907277046], [81.10767366714511, 28.966067935804343], [81.09894976573992, 28.963881967312822], [81.08947324303206, 28.967788982198805], [81.08086410588852, 28.967688382520862], [81.0730931889801, 28.97000506769111], [81.06496766776885, 28.97028668855596], [81.05698914309087, 28.973288307197738], [81.04991646185863, 28.97831937267715], [81.04810121473558, 28.977986193872077], [81.04183194998075, 28.970045481691066], [81.02854312215958, 28.963247636181684], [81.02650178452599, 28.958761154633304], [81.02083815300989, 28.952894757347693], [81.01794330657646, 28.95234020969041], [81.01053824105303, 28.956872942941697], [81.00333659264898, 28.957180073602323], [80.99863258332293, 28.95493559814639], [80.99220782696307, 28.94767832145168], [80.98234533379956, 28.941480588613118], [80.98105142992615, 28.93878244944486], [80.98717498279517, 28.934133898594208], [80.99774187737529, 28.92898438734949], [81.00753294049528, 28.927549456454575], [81.0140485678686, 28.92280035694849], [81.02117801832408, 28.919857784457992], [81.0257604642327, 28.91178778269885], [81.0303898921955, 28.908121058337404], [81.0392417285371, 28.89015990851605], [81.04541945044883, 28.886268850498308], [81.05152195958763, 28.87691161264347], [81.05879977443666, 28.873477462817867], [81.0672696808932, 28.877423513418314], [81.07230131980012, 28.87680732140588], [81.07392662441355, 28.875155122082386], [81.07183052454631, 28.86817205916912], [81.07288980774179, 28.864891503597182], [81.07681704576953, 28.86349743320783], [81.08916862520839, 28.862885271266062], [81.09266438471582, 28.856052140819997], [81.10244154893257, 28.844824311532808], [81.10799823159327, 28.848567031741148], [81.12601266720978, 28.851662221066057], [81.12740860809453, 28.855157538781253], [81.12686158142158, 28.8612827095941], [81.12907446646979, 28.865241931358096], [81.13695390309353, 28.87225893874866], [81.14339063916866, 28.873098193131685], [81.14500514238995, 28.87096241183602], [81.14508589461066, 28.862462206653724], [81.14919586976755, 28.852719167391058], [81.15772546992802, 28.844419111548863], [81.15299871724069, 28.830417794861074], [81.15674754859434, 28.828681003312695], [81.16537577209179, 28.834885660446503], [81.17413195478586, 28.8350054475037], [81.17810783867593, 28.828122139622412], [81.18179819959148, 28.82507403261525], [81.1956276306227, 28.821276062430066], [81.20341758309638, 28.816761833222795], [81.20705446507138, 28.820437910980655], [81.20669574769201, 28.825259270124644], [81.19521061795294, 28.833061396765167], [81.19937158077845, 28.846583751291625], [81.19900032933869, 28.861181948579453], [81.20237495262138, 28.86370581926226], [81.20654528763149, 28.862095584564216], [81.2084431646677, 28.857580904683225], [81.2054382512947, 28.854434096749916], [81.20616865574388, 28.85043104224414], [81.21180624245267, 28.844063020713854], [81.22432881193447, 28.838892662331144], [81.22598801729839, 28.835485750017856], [81.23201056872966, 28.83192253493732], [81.23381773566173, 28.829690640987156], [81.22963436480435, 28.82603655209951], [81.22991535263074, 28.816793729892577], [81.24211854178935, 28.810853002072847], [81.23908351960348, 28.80306662566424], [81.22793885233824, 28.79897336481854], [81.2259147531751, 28.79516206902941], [81.23267010822981, 28.786054878338607], [81.24520452974377, 28.78224283016842], [81.24776709834929, 28.77968897667048], [81.25075416311526, 28.770086907818186], [81.24724535244574, 28.760932215341395], [81.25078659300428, 28.755033309610695], [81.25956166835755, 28.750166562526164], [81.26110346625751, 28.745879606185415], [81.25638528760473, 28.734904692349392], [81.25612446577499, 28.729985021810144], [81.26932269055513, 28.7288856044283], [81.2724570451902, 28.727090374454978], [81.27316554504151, 28.71734116548832], [81.26651466485752, 28.704218301346273], [81.27835121844304, 28.698162140540923], [81.28119019547967, 28.695137895004482], [81.28533836514183, 28.673314477055953], [81.29046539538224, 28.67475184683248], [81.29464428893763, 28.673290036053448], [81.30027163934884, 28.673929673429218], [81.30187756120834, 28.673082397697506], [81.30209682122441, 28.670598131426125], [81.30740443584294, 28.673018036273128], [81.31988181262942, 28.66870740941883], [81.32177801604341, 28.663545913381498], [81.31697485025, 28.656171350336532], [81.31631194041427, 28.652385192707488], [81.31201158026524, 28.652805724696403], [81.31024197300037, 28.651129169895572], [81.31089907287223, 28.647163983747657], [81.31589423977303, 28.641440392352848], [81.31636037692599, 28.6367830810125], [81.32330920541432, 28.635528223350256], [81.3300768584006, 28.631175965145495], [81.33991931062307, 28.62886868031039], [81.34553867882977, 28.624746384083327], [81.36460292279507, 28.623545927659677], [81.37052871601674, 28.617700546424402], [81.37935079459609, 28.612329595235806], [81.40098844924681, 28.606880191830832], [81.40029878402618, 28.603651731678006], [81.40152995642852, 28.602050897089846], [81.409899800821, 28.59564834788259], [81.41682380091855, 28.595579881210284], [81.42142634389081, 28.589269338040445], [81.42464986790456, 28.587806516235975], [81.42177055157958, 28.581368014689435], [81.42446668502102, 28.577668891583556], [81.43074202728087, 28.577358127098528], [81.43286557763597, 28.57200927567325], [81.43336583544978, 28.56360662262559], [81.43799721220194, 28.559569432673843], [81.44230115159831, 28.558125121998597], [81.44563726626814, 28.5541325352334], [81.45318339884489, 28.552289303292646], [81.45973341550099, 28.554259266928675], [81.4654598966256, 28.5538178826321], [81.46910892874858, 28.548451989260343], [81.47233773872594, 28.54859870426798], [81.47611462117057, 28.539809943877483], [81.48614008626105, 28.53916531991791], [81.49119520071807, 28.532428946641502], [81.49736084525351, 28.533579606541743], [81.50611755906657, 28.528308958170708], [81.50832474135433, 28.525692855159487], [81.51221067563895, 28.52425928722614], [81.51172337165997, 28.520153099493303], [81.5162193723746, 28.5135848282713], [81.53019904843642, 28.509380086577902], [81.5361378314375, 28.504109464716294], [81.53940495491723, 28.500130625594032], [81.5387586945488, 28.49469412085842], [81.54384343621793, 28.495161142373792], [81.55304434374658, 28.493382490217087], [81.55734798397583, 28.49500945724752], [81.56788615121594, 28.48560140213579], [81.57260048684834, 28.483377544183934], [81.57452180794805, 28.478546329470106], [81.5830537925692, 28.473869561134222], [81.58741003330303, 28.469027565932713], [81.59241066934587, 28.46903075451494], [81.60007448218752, 28.463003099985162], [81.60789314260971, 28.453642380932703], [81.61217036373546, 28.454365368569103], [81.6209115677018, 28.446136743659206], [81.62629192997963, 28.444494590548604], [81.63160428336784, 28.436371223248397], [81.64301034087599, 28.43032380707379], [81.64807915118217, 28.42305598232312], [81.6558500440194, 28.41891290467169], [81.65845699902613, 28.415453320575445], [81.66979293766235, 28.41336084873546], [81.67430769370935, 28.417638386999812], [81.68313254054273, 28.411442513026277], [81.68822455270198, 28.41061596787842], [81.69548756764624, 28.399585958442913], [81.69981489875175, 28.39711611824564], [81.70356334253857, 28.392587147831385], [81.71019805011257, 28.390096027725154], [81.71664596580145, 28.384144973971985], [81.72127074529475, 28.38236763565668], [81.72443405475668, 28.383140480578408], [81.73225933888543, 28.377641591038042], [81.75225312808696, 28.37437665535578], [81.75768796467919, 28.370069311483537], [81.76287830926928, 28.371141280454502], [81.7667112444302, 28.370176794791185], [81.76535563296278, 28.36538153299837], [81.7601533751498, 28.359279027544826], [81.75875146112087, 28.354287721214867], [81.75165709642054, 28.343721853209882], [81.75172096662902, 28.332241039247936], [81.74657950284175, 28.32675572952175], [81.74352198137142, 28.319057087379544], [81.7450898038365, 28.313286828575848], [81.7480692906949, 28.31248775326702], [81.75380159966298, 28.307497600813747], [81.7612291294859, 28.30923185083236], [81.76744761850378, 28.300793648990545], [81.7734439251017, 28.297536028073143], [81.77688532825609, 28.297960907897053], [81.78045564269961, 28.295172524944338], [81.78716249467725, 28.294714405032796], [81.79220727594273, 28.282004580789554], [81.79156263175726, 28.277110649833823], [81.79365184175956, 28.2738747876935], [81.79810905550225, 28.27366611531511], [81.80547004417348, 28.28219098737022], [81.80848218657232, 28.283023701042936], [81.81453075254822, 28.278807481304163], [81.82624757681893, 28.27701586331344], [81.8311574587017, 28.274290241171467], [81.84355463604335, 28.27203948661227], [81.85419777412449, 28.26014103671001], [81.86150224766959, 28.255116346036], [81.86467378310556, 28.249846748554532], [81.86425923016223, 28.245129989904893], [81.86092166264002, 28.238739660057405], [81.87676751804617, 28.239196201406415], [81.8829005545143, 28.243549005959835], [81.88709160549918, 28.24036810433236], [81.88863776712385, 28.23690194414445], [81.89650589071034, 28.233329064067167], [81.90931024408765, 28.232281267437667], [81.91401836086466, 28.228426122762812], [81.92157265639348, 28.226913373833067], [81.92246522307875, 28.223997318271135], [81.92091672663425, 28.2203889272597], [81.9269508402733, 28.21584612038593], [81.92670683901626, 28.209495231155714], [81.93111606484594, 28.207687289877853], [81.936113542533, 28.20765301502137], [81.93865292982605, 28.205353008388443], [81.93853093623194, 28.20179040787484], [81.94657890499306, 28.19924253081897], [81.95195698921343, 28.194116120936947], [81.9626900949471, 28.194429040034148], [81.96420818303619, 28.191892519654253], [81.96312955547997, 28.187320244341425], [81.96526864927795, 28.184521310304635], [81.96882350234904, 28.182547433032966], [81.97073822437208, 28.182362462389904], [81.97320977108684, 28.184981043038036], [81.977924136765, 28.182896565318146], [81.97993047357343, 28.178315562550104], [81.98474175106703, 28.177190837770837], [81.98706309726174, 28.172384347888368], [81.99818540225215, 28.163676343571698], [82.00761427475578, 28.151110104711286], [82.01204630398641, 28.154228391579068], [82.0110850203365, 28.160695602818297], [82.01499831470942, 28.164090423360356], [82.0128241301672, 28.170040773990372], [82.01822481363602, 28.181857690191126], [82.02249078975113, 28.184516414146152], [82.02809951500605, 28.185631761005926], [82.02924007564778, 28.187737651347348], [82.02922064176691, 28.193909347047494], [82.0231218963985, 28.201253705943696], [82.02628731715559, 28.204358013244168], [82.0269463453499, 28.208488078788903], [82.03094327395603, 28.214129300581188], [82.03687708243602, 28.215110914160167], [82.03569144989912, 28.217608105465995], [82.03938413674692, 28.22140155634775], [82.04221404356188, 28.230218531173048], [82.04632720770059, 28.232064042030064], [82.0510233813323, 28.239785955525416], [82.05431339668756, 28.242142782351344], [82.06182084728029, 28.240688328453157], [82.0686614863767, 28.237086564426807], [82.06969180733186, 28.23944492401743], [82.08128346441455, 28.248613983519007], [82.09170973318618, 28.24935449275142], [82.09397957920493, 28.255095556424276], [82.10081983958496, 28.25904472229548], [82.10834664938079, 28.258311640625905], [82.11163970736268, 28.254571779147767], [82.11771500271894, 28.251569387036295], [82.12598352587247, 28.254391238076476], [82.13282146548977, 28.251566777882356], [82.14259000267592, 28.241880175784726], [82.14381966787411, 28.237152939446432], [82.1490338664271, 28.23924100525167], [82.15292148792943, 28.238107411813854], [82.15347473493455, 28.24116844948269], [82.16083498319651, 28.241800928177476], [82.16671729810355, 28.250101868162453], [82.1694505281734, 28.25159220473993], [82.1758281507164, 28.249026714732594], [82.18241050030792, 28.24980460675291], [82.19002143590923, 28.248394088111645], [82.19869842311962, 28.242958518334994], [82.21781285690342, 28.249683282315644], [82.22331839807639, 28.247768532881274], [82.23318301505493, 28.23998994394688], [82.24400346861866, 28.23794515436037], [82.24800021362347, 28.2396028678966], [82.25601350576989, 28.23974152557205], [82.25832356453309, 28.243683632148507], [82.26489017955905, 28.243706531972105], [82.27549073153966, 28.248512045500384], [82.28186287807544, 28.248229095950222], [82.2872785048586, 28.245728461482756], [82.29171107444978, 28.246904788420192], [82.29716874452714, 28.245161272909076], [82.30040054488427, 28.245989990562137], [82.30225240112502, 28.232670178910222], [82.31018703770911, 28.231680814670057], [82.31244387684654, 28.223421167917362], [82.32718204650486, 28.225315881003397], [82.3375728029572, 28.223556684119195], [82.34608671796158, 28.21639464648863], [82.34716645735968, 28.20868518191142], [82.35493659026119, 28.20558119801945], [82.35880261856114, 28.199145592175753], [82.36309239496693, 28.1967953036061], [82.36714746943193, 28.189868121430152], [82.37808890199884, 28.18456794454021], [82.38710061884645, 28.1885665750363], [82.39283152282604, 28.189304647420766], [82.39687802887394, 28.182773678676075], [82.39396151996134, 28.173471493411178], [82.39650187824411, 28.169150673956832], [82.39846597427643, 28.170055491645563], [82.4014149042087, 28.176402260907246], [82.3992406309103, 28.18018932134149], [82.4035431537504, 28.18503337307867], [82.40058511224282, 28.19242184287108], [82.40374070076652, 28.213202976362755], [82.4068491514544, 28.22071639031385], [82.41487681323595, 28.224714069695104], [82.41889880881457, 28.22981771763881], [82.42202826181625, 28.22986188243132], [82.42417406594652, 28.228089136763174], [82.42764393812968, 28.230080876222985], [82.42687919667812, 28.23903260488746], [82.4351080732181, 28.24353905442256], [82.43732603290549, 28.24666929707631], [82.43010314059862, 28.24962098765233], [82.4277766587583, 28.2521964689601], [82.42409760769344, 28.251244631042617], [82.41975033750776, 28.25373053189407], [82.41330670225248, 28.25388980297175], [82.410259786763, 28.258281482399457], [82.40361204889254, 28.262229779271067], [82.40350295459035, 28.265034706810475], [82.39551263067163, 28.27711011271485], [82.39525956352217, 28.28296169494111], [82.3863768073664, 28.290893031623757], [82.38360941720399, 28.29169023239825], [82.38160323746338, 28.295982810955007], [82.38248909782297, 28.297088157363056], [82.3762976753023, 28.304677999165186], [82.37751716691217, 28.310063522186898], [82.37609045698423, 28.315164532144788], [82.37253507924366, 28.31772668464097], [82.36350695071035, 28.319558643488335], [82.36680599956404, 28.32354300881555], [82.36736624877244, 28.329968361925697], [82.36419329744726, 28.330191860930707], [82.36319124692466, 28.340864550492487], [82.36599162708349, 28.343976491254324], [82.37931738057412, 28.35177557957208], [82.37852415327711, 28.3566400577015], [82.37609876000039, 28.35853453797335], [82.38282724480513, 28.36471243721256], [82.38359074923537, 28.37284763533329], [82.37516011972095, 28.377354105545624], [82.36655279920569, 28.38693479181], [82.36359036095507, 28.388342747464808], [82.36257707630963, 28.394576283152837], [82.36559376825893, 28.403201092661984], [82.36104429459573, 28.408170760222504], [82.35322012277096, 28.41045250463235], [82.35391045106618, 28.414934475940225], [82.35038374138453, 28.421910159507856], [82.35118641040559, 28.423945857829228], [82.36922893794063, 28.426102468543462], [82.37661824108017, 28.430381363543873], [82.37691191463256, 28.43645675644122], [82.37382642692982, 28.448332981933575], [82.38356647785037, 28.4560636529317], [82.3956246485866, 28.46046303816823], [82.39607369693513, 28.468461432668928], [82.40041813540623, 28.46984404699856], [82.40564341752999, 28.4782204204034], [82.40575769479803, 28.486615796526312], [82.40941416559785, 28.488642504994726], [82.41168864116061, 28.492688316129524], [82.41175341489708, 28.496506477758164], [82.40751777953396, 28.50374095978343], [82.41187899132181, 28.512988264661857], [82.4143467588898, 28.51346127709358], [82.41705475261703, 28.517741010546846], [82.4165588084842, 28.523390049336363], [82.41818154901317, 28.528775823667484], [82.4294747585644, 28.524610650257785], [82.433586609637, 28.526355921072263], [82.4442798534958, 28.522915698574888], [82.46295067463222, 28.52129485683384], [82.46685713125453, 28.525750436872308], [82.4727671456045, 28.529297630543827], [82.47962220013318, 28.530443369975643], [82.48456944320932, 28.53545759998124], [82.492971843731, 28.54009031123875], [82.49412588329959, 28.54360591884811], [82.49177403684354, 28.548756486797554], [82.49233558711066, 28.552733550537383], [82.49979568234014, 28.55401703685509], [82.50902873464798, 28.55124973377829], [82.5166536456087, 28.554608342011544], [82.52131860030478, 28.553978737121973], [82.52596025890576, 28.558060062164667], [82.52905703240873, 28.5582597399205], [82.53035637520642, 28.56417440016142], [82.53303422939351, 28.566152193978137], [82.5349930121391, 28.57050169385431], [82.54419822316824, 28.573045899550436], [82.55341938725658, 28.58165254597369], [82.5568982666068, 28.579652842202833], [82.56824058029046, 28.577900912574655], [82.5751216193259, 28.579644785941387], [82.5773418015604, 28.58415889938508], [82.58058039106018, 28.586184507784267], [82.58082525553704, 28.588379496609306], [82.57914908054408, 28.589837151573725], [82.58120495246528, 28.591983419261386], [82.58101746161236, 28.599828630406346], [82.57869773093464, 28.6022065653579], [82.5806084229383, 28.611932319169203], [82.5794076149615, 28.613769319709498], [82.57775019848081, 28.614559411515096], [82.56874194073261, 28.60971660744801], [82.56124007071351, 28.610092842641116], [82.55343159083102, 28.61549304663961], [82.54578738151508, 28.618465228176152], [82.54696396510661, 28.622334887231244], [82.55149211435783, 28.625245681752148], [82.5479718691405, 28.627111710118317], [82.54355948032087, 28.626256852336137], [82.54381775406549, 28.622939412374585], [82.53988913663386, 28.620763433407735], [82.53395388818487, 28.623541343827203], [82.51841171845437, 28.624574468223216], [82.50835739380477, 28.62777984473031], [82.50691997382192, 28.63063081126839], [82.48581483398588, 28.640649591121164], [82.4910461758591, 28.651833630442635], [82.48993362990895, 28.65932067288544], [82.4947285469739, 28.662671430066492], [82.497677604216, 28.661630629443614], [82.49982486203972, 28.6624703948002], [82.50140024216489, 28.66776348951405], [82.50561233753406, 28.662058451708482], [82.5133526514816, 28.659461861861452], [82.51726827705843, 28.661212254812664], [82.51924658318698, 28.66069026871703], [82.52451096674264, 28.655366021401274], [82.52786539908027, 28.654784559054292], [82.53353846960279, 28.650012454406944], [82.53659217883232, 28.650196605122172], [82.5392125687795, 28.6469791890887], [82.55188794563773, 28.64554768683361], [82.55466247381098, 28.644054800629256], [82.56069292613668, 28.646568528899845], [82.5662889331152, 28.65279909371527], [82.57496702798967, 28.658793474625202], [82.57894757074261, 28.664702046558038], [82.58670666214717, 28.663908103913485], [82.59206349651907, 28.667624710786168], [82.59891817002051, 28.669103295552517], [82.60104486730665, 28.676814550916255], [82.60065989845148, 28.68487423766881], [82.6039744713026, 28.687218129703194], [82.61590293835988, 28.689796997378647], [82.61244142078499, 28.695874136930076], [82.61532577402329, 28.710052866951987], [82.61265502209064, 28.71279538875672], [82.60528190416058, 28.715667519289713], [82.60141811895633, 28.74291081949815], [82.59560076301402, 28.743856463016066], [82.59193175667757, 28.740561279099396], [82.58805179198288, 28.73995921712483], [82.581653320735, 28.741229759490572], [82.57420596475419, 28.74059877502401], [82.56859952652879, 28.74446415156582], [82.56603044559962, 28.743922665518394], [82.5671441222648, 28.756937602065907], [82.56371349204817, 28.758703390405884], [82.56470918256164, 28.7648760202394], [82.56186526549897, 28.767775712878105], [82.56676129401725, 28.767584174514425], [82.56705838455056, 28.77068870339708], [82.569770318892, 28.771294810490883], [82.58145350587876, 28.780735601388475], [82.5869850449993, 28.782164922104617], [82.58949582892078, 28.78571894159191], [82.58970127887282, 28.790353827503292], [82.5962352400507, 28.792021140399637], [82.61327478093597, 28.80739726988153], [82.61973587541745, 28.80908751780913], [82.61912047719696, 28.814977150877258], [82.61368425055726, 28.826587062034864], [82.61767923600209, 28.82857230975204], [82.62605603463118, 28.839213755983288], [82.62473319921101, 28.84683753019807], [82.6299262503958, 28.853417869346526], [82.63676535486049, 28.85524204738592], [82.63797754023783, 28.8600292471764], [82.64419181768554, 28.867228355534376], [82.64859493535664, 28.869228169818356], [82.65607996938084, 28.866686574593402], [82.65846851770766, 28.860119654779176], [82.66555917239839, 28.853860960185898], [82.6694338005344, 28.85243314749133], [82.67267080245695, 28.852284581277942], [82.67848065709792, 28.85482280487851], [82.68544484538177, 28.86140048187948], [82.695677962009, 28.864736569695896], [82.70468605405797, 28.85465981817012], [82.71211810614324, 28.85155514858163], [82.72373525590544, 28.84978216645133], [82.7264173932384, 28.84636102043349], [82.72917724451287, 28.847749432303342], [82.73611673834048, 28.848015380776825], [82.73832522556486, 28.846071468261083], [82.74178751227088, 28.84586472386006], [82.74793117271747, 28.83273346396447], [82.75475306927235, 28.825641843679218], [82.75681431062253, 28.821140601623092], [82.7594317935163, 28.819856444846504], [82.76014539074602, 28.81612998781077], [82.76359446987631, 28.813673702350137], [82.7658352604524, 28.80860557821972], [82.78176050589234, 28.824293666752066], [82.79335977015141, 28.819918237660563], [82.79682314558882, 28.821570884410676], [82.79935475757074, 28.820700251233824], [82.81712272160519, 28.83134358354363], [82.82026957324179, 28.829945633046794], [82.83346165917496, 28.830292665460117], [82.83569401895434, 28.831672070951733], [82.8412529791312, 28.827016956457427], [82.84377920893272, 28.826524351346464], [82.84799987259186, 28.82744463893616], [82.85459439162634, 28.832237665516573], [82.86416591709529, 28.83193058174198], [82.86758372394857, 28.834264602107698], [82.87316658977502, 28.831191778755596], [82.87957429990036, 28.830448815837677], [82.88591789877525, 28.826154866403613], [82.89287301076399, 28.826717226741728], [82.896106673815, 28.82473626958138], [82.9008491971812, 28.829302102857294], [82.90384322431825, 28.829646740226387], [82.90487847189257, 28.83236200410115], [82.91031069919278, 28.831068326207152], [82.9175733990928, 28.83144708415687], [82.93021258516126, 28.827090732731648], [82.93726436565024, 28.828005875176412], [82.94207042115171, 28.827116588969776], [82.94721506544612, 28.829037985851233], [82.94965607186168, 28.827748765396333], [82.95066025875083, 28.82386776371024], [82.95665787872548, 28.82098186737093], [82.96586902120038, 28.82037605689116], [82.96588090026071, 28.816649776465106], [82.97375297425668, 28.809326942367267], [82.97585473838922, 28.803448828019185], [82.9809280419148, 28.800751025878274], [82.98690138817918, 28.802587005915683], [82.99049585811566, 28.801668767928803], [82.99738294826972, 28.803919409991515], [83.00515929169448, 28.799639231396363], [83.01233395952893, 28.79898358324054], [83.02235307413544, 28.790771237505947], [83.03008304797065, 28.793220311755515], [83.03609118215535, 28.79279193877022], [83.04572243807706, 28.786521720093297], [83.05797011059975, 28.7858182135162], [83.06517692435777, 28.78389224643083], [83.06838056544483, 28.7799894035089], [83.07257637133542, 28.78350114047609], [83.07926929290251, 28.786181615662066], [83.08176658032762, 28.779517142426258], [83.08505548013143, 28.77789502719434], [83.09515037259122, 28.767728676058844], [83.09821098012276, 28.766646070688214], [83.10227986206804, 28.76033446264542], [83.10261682045848, 28.75348597456949], [83.11217489875713, 28.74725100252844], [83.11365470573762, 28.743608547219832], [83.12768858112615, 28.74595791064939], [83.13237197311766, 28.748054347757805], [83.14153439414329, 28.74638494888548], [83.14543247896613, 28.747158559602575], [83.1540891741377, 28.747828874592614], [83.16657647728731, 28.74519498862404], [83.18647720048952, 28.743606301214808], [83.2001471395001, 28.735271521655143], [83.20995313115387, 28.731979281361046], [83.21609845303585, 28.733928067059313], [83.22304276555143, 28.740609178223963], [83.22929769230667, 28.742889497062247], [83.23702733418817, 28.739745900775436], [83.23942785316564, 28.73492300579313], [83.24800684468701, 28.730411924087292], [83.2591331739183, 28.726279781034513], [83.27056084256515, 28.72520948529966], [83.27694441782413, 28.72198412779355], [83.28202103901855, 28.725712984123284], [83.29794127790099, 28.731774472824178], [83.30858595094733, 28.73271585557259], [83.31311103506273, 28.735669275387544], [83.32557118885232, 28.73795850001421], [83.34993519314685, 28.7360633480446], [83.35626313499951, 28.73370022273276], [83.36202097522421, 28.734185450548118], [83.37434949139191, 28.74454999184943], [83.37766467632251, 28.754026292966763], [83.38336598585462, 28.756504523454588], [83.38851810324186, 28.763105929828587], [83.40028662455643, 28.76078556902502], [83.41044519645648, 28.760672355939043], [83.4364363511074, 28.768820805203898], [83.44610692107966, 28.76895556237568], [83.45630201666553, 28.773799706585883], [83.46118761176389, 28.78011975939168], [83.48346212141793, 28.78288908907802], [83.48693050546538, 28.790587993721452], [83.48804727499864, 28.80211782596969], [83.48513304113231, 28.812265848891688], [83.48010585074573, 28.817205351091385], [83.47970904014463, 28.824233277240456], [83.48358409541804, 28.83226825464055], [83.48033430353561, 28.83782952203709], [83.4816538770249, 28.844727784746343], [83.49199790764862, 28.84650733314534], [83.49797101044766, 28.842660484710606], [83.50183850662998, 28.846200425484394], [83.50206725090142, 28.851757930446563], [83.50630089120227, 28.857019883925346], [83.50603373845948, 28.865239794798676], [83.49950372068619, 28.877269416808637], [83.5061172707382, 28.88475208013675], [83.51470671689692, 28.88958498575605], [83.5229223034451, 28.898005276827092], [83.52753735010441, 28.903915674153925], [83.52862811372306, 28.908700787080903], [83.53544019200253, 28.911437682448938], [83.54622649768216, 28.921892966709304], [83.55651692996864, 28.933774806878407], [83.55867553905713, 28.94490319138969], [83.56223798003289, 28.945244628857317], [83.5669904883459, 28.943402372947617], [83.57128518044766, 28.947323584117658], [83.57490089685794, 28.95395678565129], [83.58007288518435, 28.956214956679858], [83.58262828691966, 28.961345289857558], [83.58166704064415, 28.965007046199663], [83.58546591229376, 28.96776106162814], [83.58741104997145, 28.97259768061748], [83.58693800543772, 28.977041385120785], [83.59208702098685, 28.98370703087461], [83.59918944495784, 28.98569838000186], [83.6045512048926, 28.980210030358528], [83.60928905297554, 28.98031252599277], [83.61504069380098, 28.98775440141505], [83.61449886418676, 28.99869965541972], [83.61698556319025, 29.00623683920026], [83.6119659293726, 29.014799966748388], [83.61656575182303, 29.01895957961253], [83.61413223486369, 29.0224172470931], [83.61539843982953, 29.02764673326701], [83.612575779302, 29.036021083474687], [83.61901133626097, 29.045827814451062], [83.61818987676101, 29.055203509440997], [83.61963917704642, 29.0597616732753], [83.62660381993864, 29.062504294145594], [83.63103269628527, 29.062504581786445], [83.63153169528185, 29.064962714212395], [83.62953815515829, 29.07163640286923], [83.63074565419193, 29.081076400652186], [83.62342990883988, 29.088333079884162], [83.61612184974926, 29.092652713769464], [83.61563352125123, 29.098378036853013], [83.62063010996935, 29.09786127001518], [83.62888382033036, 29.10690902150476], [83.63633152788434, 29.107413510826618], [83.64621088448473, 29.104178087300255], [83.64992289829021, 29.104536821988212], [83.65256221889258, 29.109274277339793], [83.65062452947919, 29.113500541803514], [83.65145591018381, 29.119138155147173], [83.66025130718093, 29.12449744533464], [83.68043546902189, 29.123510255460598], [83.67885687625002, 29.12510993227263], [83.6793373324836, 29.13172973440183], [83.67495091472475, 29.13709644961707], [83.67601102962593, 29.148581456449538], [83.67220439017846, 29.152866814478845], [83.66332491549697, 29.15576367203849], [83.66208130830069, 29.16500008823049], [83.66610899041771, 29.16975854474215], [83.65740412725138, 29.176170410556374]]]}}, {"type": "Feature", "properties": {"shapeName": "Sudurpaschim", "shapeISO": "NP-P7", "shapeID": "38925275B37881943378158", "shapeGroup": "NPL", "shapeType": "ADM1", "tourism": 50000}, "geometry": {"type": "Polygon", "coordinates": [[[81.28533836514183, 28.673314477055953], [81.28119019547967, 28.695137895004482], [81.27835121844304, 28.698162140540923], [81.26651466485752, 28.704218301346273], [81.27316554504151, 28.71734116548832], [81.2724570451902, 28.727090374454978], [81.26932269055513, 28.7288856044283], [81.25612446577499, 28.729985021810144], [81.25638528760473, 28.734904692349392], [81.26110346625751, 28.745879606185415], [81.25956166835755, 28.750166562526164], [81.25078659300428, 28.755033309610695], [81.24724535244574, 28.760932215341395], [81.25075416311526, 28.770086907818186], [81.24776709834929, 28.77968897667048], [81.24520452974377, 28.78224283016842], [81.23267010822981, 28.786054878338607], [81.2259147531751, 28.79516206902941], [81.22793885233824, 28.79897336481854], [81.23908351960348, 28.80306662566424], [81.24211854178935, 28.810853002072847], [81.22991535263074, 28.816793729892577], [81.22963436480435, 28.82603655209951], [81.23381773566173, 28.829690640987156], [81.23201056872966, 28.83192253493732], [81.22598801729839, 28.835485750017856], [81.22432881193447, 28.838892662331144], [81.21180624245267, 28.844063020713854], [81.20616865574388, 28.85043104224414], [81.2054382512947, 28.854434096749916], [81.2084431646677, 28.857580904683225], [81.20654528763149, 28.862095584564216], [81.20237495262138, 28.86370581926226], [81.19900032933869, 28.861181948579453], [81.19937158077845, 28.846583751291625], [81.19521061795294, 28.833061396765167], [81.20669574769201, 28.825259270124644], [81.20705446507138, 28.820437910980655], [81.20341758309638, 28.816761833222795], [81.1956276306227, 28.821276062430066], [81.18179819959148, 28.82507403261525], [81.17810783867593, 28.828122139622412], [81.17413195478586, 28.8350054475037], [81.16537577209179, 28.834885660446503], [81.15674754859434, 28.828681003312695], [81.15299871724069, 28.830417794861074], [81.15772546992802, 28.844419111548863], [81.14919586976755, 28.852719167391058], [81.14508589461066, 28.862462206653724], [81.14500514238995, 28.87096241183602], [81.14339063916866, 28.873098193131685], [81.13695390309353, 28.87225893874866], [81.12907446646979, 28.865241931358096], [81.12686158142158, 28.8612827095941], [81.12740860809453, 28.855157538781253], [81.12601266720978, 28.851662221066057], [81.10799823159327, 28.848567031741148], [81.10244154893257, 28.844824311532808], [81.09266438471582, 28.856052140819997], [81.08916862520839, 28.862885271266062], [81.07681704576953, 28.86349743320783], [81.07288980774179, 28.864891503597182], [81.07183052454631, 28.86817205916912], [81.07392662441355, 28.875155122082386], [81.07230131980012, 28.87680732140588], [81.0672696808932, 28.877423513418314], [81.05879977443666, 28.873477462817867], [81.05152195958763, 28.87691161264347], [81.04541945044883, 28.886268850498308], [81.0392417285371, 28.89015990851605], [81.0303898921955, 28.908121058337404], [81.0257604642327, 28.91178778269885], [81.02117801832408, 28.919857784457992], [81.0140485678686, 28.92280035694849], [81.00753294049528, 28.927549456454575], [80.99774187737529, 28.92898438734949], [80.98717498279517, 28.934133898594208], [80.98105142992615, 28.93878244944486], [80.98234533379956, 28.941480588613118], [80.99220782696307, 28.94767832145168], [80.99863258332293, 28.95493559814639], [81.00333659264898, 28.957180073602323], [81.01053824105303, 28.956872942941697], [81.01794330657646, 28.95234020969041], [81.02083815300989, 28.952894757347693], [81.02650178452599, 28.958761154633304], [81.02854312215958, 28.963247636181684], [81.04183194998075, 28.970045481691066], [81.04810121473558, 28.977986193872077], [81.04991646185863, 28.97831937267715], [81.05698914309087, 28.973288307197738], [81.06496766776885, 28.97028668855596], [81.0730931889801, 28.97000506769111], [81.08086410588852, 28.967688382520862], [81.08947324303206, 28.967788982198805], [81.09894976573992, 28.963881967312822], [81.10767366714511, 28.966067935804343], [81.11924750714928, 28.96350907277046], [81.12668909194848, 28.957440859060895], [81.13255468457186, 28.94881567605632], [81.14221804906938, 28.945417553212692], [81.146837412804, 28.93824353275834], [81.15542119341967, 28.93369962816509], [81.16878688668973, 28.921454566262373], [81.18440855559902, 28.914894377520767], [81.19452778185152, 28.916229194032333], [81.20421140939811, 28.90810732642475], [81.21917871615271, 28.906152762956403], [81.23663653048786, 28.905990126405356], [81.24124014640768, 28.913999249212335], [81.2456920841221, 28.915164261553215], [81.25172366085265, 28.91372965867067], [81.26130740866964, 28.903025467969282], [81.26612925915497, 28.90267993703304], [81.2724077006739, 28.907447510937118], [81.27578496867027, 28.91627229418208], [81.28171499608601, 28.918770761303634], [81.28351495252028, 28.921636392127432], [81.30205073614701, 28.92575812106185], [81.30988851353082, 28.92010068666796], [81.31630657577134, 28.920239194422816], [81.32419732901909, 28.90810205298113], [81.3321929151855, 28.90893526636462], [81.33660259767878, 28.90698431715397], [81.33716776107616, 28.900003351327875], [81.33893228043415, 28.89571508587793], [81.3423406799286, 28.892701722758286], [81.34763712604536, 28.890202212092834], [81.35524022382916, 28.889778599718827], [81.37484394003097, 28.893023487584028], [81.38745935834548, 28.89994481869568], [81.39439908376339, 28.908526170670626], [81.4035452047154, 28.90905623982387], [81.41417092459028, 28.914169527038023], [81.41868498876707, 28.910936511011634], [81.42456815394381, 28.90936154721958], [81.43178589927919, 28.910667331293503], [81.4357283434772, 28.904387967791024], [81.4406419299889, 28.900410715327162], [81.46494517518032, 28.893676659075204], [81.46695494417465, 28.88741651849354], [81.46248729213659, 28.880603594018385], [81.46223254216967, 28.875163348479216], [81.46589595214628, 28.86950667304942], [81.46739906193666, 28.86193771055391], [81.46293709530336, 28.85515628304208], [81.46327133922085, 28.852811317758214], [81.47428015522482, 28.84909830772742], [81.48169825256785, 28.84281436436633], [81.49053970676428, 28.840984461877138], [81.49082373449622, 28.837096702497234], [81.49395931015466, 28.833243602017927], [81.49824205318285, 28.82128314603257], [81.51009876917125, 28.809332537621245], [81.51794917833733, 28.80703779148742], [81.52237120274957, 28.803346004637294], [81.52309398580391, 28.799228522118664], [81.51848092020273, 28.79584677655478], [81.51589971222936, 28.7880807773132], [81.51547552386391, 28.780455356043067], [81.51818777633046, 28.776952905124947], [81.5278318816679, 28.77457400205937], [81.53506849636653, 28.76133982699756], [81.52954565223617, 28.75573771284398], [81.5207391063796, 28.7515331770145], [81.52046587257101, 28.74908208832693], [81.5424442724609, 28.748512928642814], [81.55387806955564, 28.7501088664847], [81.57171743339244, 28.7554349794689], [81.57826304315891, 28.755538055489776], [81.5813080674478, 28.75924037619273], [81.5820376232557, 28.764885860955182], [81.57988147186774, 28.780072420831697], [81.55689404804201, 28.797579679934053], [81.55222154212403, 28.809593188325817], [81.55184098801126, 28.81586816156668], [81.54892864539102, 28.81890515391545], [81.54333245064684, 28.831118256284057], [81.53787891294408, 28.836432316423604], [81.53784268786806, 28.84271716799727], [81.53192532778976, 28.856122217782243], [81.52787432015208, 28.859569280895222], [81.52214148681531, 28.869970550481785], [81.51515654753337, 28.87445716638726], [81.51013713255048, 28.883901096250273], [81.50898450231679, 28.88982471643274], [81.50046747727411, 28.889524946103805], [81.49166253320269, 28.894222456552235], [81.48323315947978, 28.902820544483923], [81.48074576770686, 28.909053244264765], [81.47370609588, 28.91672087587877], [81.46653505376128, 28.928916020685342], [81.45591033700096, 28.931113427349572], [81.45502683055102, 28.934892687511166], [81.45130389290557, 28.938997257324523], [81.44464189987545, 28.940445160548684], [81.44395356375358, 28.958545713674834], [81.44224651855023, 28.960177664230752], [81.43715202031096, 28.95670242199376], [81.43279535726852, 28.957111264141492], [81.4282727841156, 28.964574384174398], [81.42402989279351, 28.966401533521505], [81.42246809936096, 28.97044207427952], [81.42565554447599, 28.9776933762827], [81.42514981890469, 28.98027112920224], [81.42153931842306, 28.983533089855115], [81.42023123332964, 28.988055588844812], [81.41616322765893, 28.99152633702771], [81.41513306907466, 28.99442599002861], [81.41014689290537, 28.996978999889116], [81.41730885615377, 29.000643002152835], [81.41903712080641, 29.00432580594148], [81.41491689721921, 29.01385348698428], [81.41780543909675, 29.02137438453478], [81.42553842050306, 29.023010396589058], [81.43002463809614, 29.029497286501098], [81.4327280722397, 29.037530446766294], [81.43966908020147, 29.040298341941053], [81.44297232950728, 29.046969074221888], [81.44414142959792, 29.05380470118457], [81.45930324277536, 29.064709943053572], [81.46681567804606, 29.067097693413338], [81.46939032794992, 29.078137447044885], [81.50059448061504, 29.091177950446543], [81.50990778240761, 29.09074361344577], [81.51478184999878, 29.095464361609256], [81.5180871304761, 29.096595299464376], [81.52351950932056, 29.10427977815806], [81.5367222304508, 29.106760783365473], [81.55137426412935, 29.119698893020843], [81.56555903293955, 29.12616560028652], [81.55241909357864, 29.128584388650037], [81.53529734700115, 29.136898572697937], [81.53303671064566, 29.140952102043496], [81.53333301180709, 29.146585704423437], [81.52467352423781, 29.152757700264694], [81.51833455926217, 29.153628285286736], [81.51352841147441, 29.153091898073978], [81.51202433573388, 29.151263736151964], [81.499096839249, 29.151756894784413], [81.49695120299852, 29.15484170314402], [81.49525700709725, 29.168876306594964], [81.49067930186061, 29.169887963726524], [81.48732264299187, 29.173017626873015], [81.48679597819073, 29.175920410471946], [81.49076740582575, 29.185039235898884], [81.4847046002366, 29.192773682595774], [81.48210944521261, 29.200603664930128], [81.48569265664426, 29.210824880813032], [81.48704113312718, 29.226975325271543], [81.49482841053967, 29.23632824062231], [81.49962814917527, 29.23887062800876], [81.49521864788913, 29.24486238396593], [81.49324866443244, 29.252275102047093], [81.494758937284, 29.257173412406804], [81.49121209354384, 29.261697879972775], [81.48706319339684, 29.263402540599138], [81.4776365312608, 29.264011797184118], [81.46806682683498, 29.271904493894063], [81.48386728807512, 29.27961904182963], [81.49076834389375, 29.290635476161064], [81.50000253144269, 29.297325409586755], [81.50796702136421, 29.314621206694525], [81.51520776388232, 29.312073916233626], [81.5180933829105, 29.314977058482658], [81.52388577750793, 29.315134932462225], [81.52891240183271, 29.32610922093976], [81.5359040471761, 29.33115427901361], [81.5404586555893, 29.332299856149845], [81.54737460833704, 29.33825820272409], [81.55059541373868, 29.34575854269684], [81.55038737636103, 29.349555684082855], [81.55845481691183, 29.357917695715415], [81.56105557333927, 29.351487145000103], [81.56702800901884, 29.34785062828808], [81.57047369275347, 29.349744308717746], [81.57289435481363, 29.353861705116206], [81.5731751333464, 29.360780810414994], [81.57628898391188, 29.36286971913762], [81.57964478166235, 29.362528045897726], [81.58179251136555, 29.36483298251244], [81.59990152376672, 29.365645960996954], [81.60924952814598, 29.36750509865725], [81.61367399167068, 29.37080059996121], [81.6255992721707, 29.368875314913243], [81.62755899001282, 29.36615934465013], [81.6347332279226, 29.36442460324328], [81.6382693585141, 29.36154310858955], [81.63914334053399, 29.355737414242412], [81.64309279313514, 29.35621467242538], [81.64409237610992, 29.354357984760856], [81.6439933932309, 29.343434444726615], [81.64194970355842, 29.33446463152672], [81.64248342670057, 29.33182744866478], [81.64656237241138, 29.328081416094108], [81.64774838889346, 29.321466677412406], [81.66436340882387, 29.319354909690116], [81.66852838045087, 29.317071742287066], [81.67830384473545, 29.321486334058676], [81.68290718868154, 29.31954332774756], [81.69092082610106, 29.320593837980628], [81.69393820524738, 29.32546610934563], [81.70319291352781, 29.33061687647476], [81.7160067786026, 29.331349543261606], [81.7299340605262, 29.335234929059414], [81.7402544810546, 29.334302905442794], [81.74549368628037, 29.338918044042487], [81.74735298325139, 29.34667596778088], [81.75231577867552, 29.351822490896893], [81.75022064933454, 29.35410568580832], [81.75120255190785, 29.359132353356575], [81.74916808641733, 29.36226109587512], [81.74968181537365, 29.366575385765525], [81.75654071887797, 29.375692124578688], [81.75817968997721, 29.382343523711487], [81.76109590468779, 29.386614850041493], [81.76652761560014, 29.38575594199876], [81.76691054342461, 29.390454382048176], [81.76883899851123, 29.39225223973147], [81.78934656869572, 29.389042318275365], [81.79045741922221, 29.396048302071353], [81.79450636881516, 29.399432289992404], [81.79792182907633, 29.4070944935241], [81.79644925700865, 29.408452096342195], [81.79674904411765, 29.41460577385014], [81.7990360358404, 29.429172064954074], [81.80217056362356, 29.431729117907334], [81.80543491951023, 29.43936700944573], [81.80316664981781, 29.447387975789837], [81.80822236233283, 29.456354767996874], [81.80706172126409, 29.46617801724854], [81.80391399132604, 29.475167381518165], [81.78938293817738, 29.494902458901674], [81.78804984080432, 29.500048520032802], [81.78391698969392, 29.502337499082437], [81.77921465135118, 29.50125316186764], [81.7624923617897, 29.505371736242687], [81.76919850027798, 29.509386325655715], [81.77490318254212, 29.508054028194586], [81.78062594252141, 29.509188874528775], [81.777293002716, 29.51735543792628], [81.78108374173311, 29.52045044806129], [81.78239729759288, 29.524759749543495], [81.7857284664972, 29.528407640545165], [81.79289038574493, 29.53060490686509], [81.79038861239523, 29.540553126106815], [81.79358204615147, 29.547837485877878], [81.7975699250172, 29.552162259273626], [81.79901716309588, 29.55923142838076], [81.79861160533875, 29.576046469056685], [81.78969726064491, 29.590122338512565], [81.7904657427625, 29.595765568944067], [81.77792413618069, 29.59976877082359], [81.77377322062354, 29.605828832911403], [81.76882063364553, 29.606572632521747], [81.75047767265714, 29.604925037517006], [81.73854927985916, 29.606230252613734], [81.7349888025509, 29.607763498131565], [81.72794913674365, 29.614995097856898], [81.72068660455155, 29.616437738600407], [81.72030320470917, 29.62078170010764], [81.7161860839704, 29.620555915410176], [81.71307361423479, 29.625252869645376], [81.710440955236, 29.62633160749683], [81.70951247517728, 29.632352090922662], [81.70285429989256, 29.637205294257328], [81.7026285579062, 29.641976905551463], [81.6993934367031, 29.64208422554928], [81.70361048706606, 29.64543171803255], [81.7003345867019, 29.647492542774856], [81.7021532567951, 29.65552837378721], [81.69949131895883, 29.66194129751398], [81.69706704794523, 29.6783290980887], [81.70869431378878, 29.700272129621336], [81.71403150212622, 29.722318001522062], [81.71991026084879, 29.72920599627222], [81.72310056572915, 29.72966449659975], [81.72702013576796, 29.734142753500755], [81.72616076309797, 29.737178830977847], [81.7283048272727, 29.741599069103906], [81.72648215838059, 29.744029252450957], [81.7267954829803, 29.747963324338603], [81.73284007762129, 29.75919609920063], [81.73018307473761, 29.769222806706637], [81.73614599464621, 29.77691922531467], [81.73722914415218, 29.784662948748576], [81.74023889887542, 29.78933079920807], [81.73962292995785, 29.792241517595045], [81.74672197720008, 29.794633013423947], [81.75300410455006, 29.798736087890106], [81.7553591921872, 29.796828112874877], [81.75822241310944, 29.797425158845215], [81.76452172061224, 29.801829829222648], [81.77365784797455, 29.798156738475488], [81.78036064385029, 29.807066991086128], [81.77919610925535, 29.81439047316707], [81.78278522445747, 29.822252030743382], [81.78160127539223, 29.824927200419232], [81.78338774344577, 29.830523635608053], [81.78301723467239, 29.837249308712348], [81.78078106736656, 29.839285649080296], [81.78918377974604, 29.843315821732578], [81.79421036560349, 29.84884980628646], [81.79154451624477, 29.853809740118827], [81.79526382491585, 29.860407044414544], [81.79721297426399, 29.878804024839617], [81.79634400731216, 29.890442727392433], [81.7936381598429, 29.895542709155805], [81.79573378469333, 29.8969622921422], [81.79873893936579, 29.8966982954472], [81.7989019449877, 29.902042605652895], [81.78867764747986, 29.90963268684761], [81.78557549766309, 29.910366137931625], [81.78263474564686, 29.908568017057668], [81.7799722534305, 29.911071556232457], [81.76936604817155, 29.909532492473094], [81.76179472192477, 29.912393368453483], [81.75498722538367, 29.908548762608262], [81.74594452714872, 29.908643067509576], [81.74221250133333, 29.907304142599752], [81.73338420090977, 29.907942148267555], [81.73133086767439, 29.910815723970103], [81.72655580808943, 29.91234870183682], [81.71599924511595, 29.90943152041917], [81.71078306064524, 29.91431567507638], [81.70965142710762, 29.926880036785086], [81.69748282563407, 29.931500932968756], [81.69897731707971, 29.937952532398437], [81.69793577020762, 29.941487809382856], [81.6877897767137, 29.949085516138297], [81.6707145220205, 29.940688575465938], [81.66514666840023, 29.940295036554343], [81.6574123612338, 29.943399011844132], [81.65306709338621, 29.942863504097847], [81.6456280192935, 29.948164339012518], [81.63715642696313, 29.944905844212073], [81.63444362361052, 29.940832066949348], [81.62661899196688, 29.93837500438551], [81.62145174366914, 29.93947308133068], [81.61865089549462, 29.938509634191906], [81.612895913787, 29.943239108216854], [81.60599734345844, 29.93724445554493], [81.60516516781165, 29.932496080660773], [81.60263224433683, 29.93016426543792], [81.59688776109384, 29.931388009820864], [81.59103389073931, 29.930665623538353], [81.58490205977121, 29.936861581118357], [81.57756349534267, 29.93390325994575], [81.57021907354476, 29.933470576211043], [81.56429968271922, 29.930875242110815], [81.55964784272571, 29.926156311787032], [81.55538984820033, 29.92711941216441], [81.54937374476468, 29.923168203915868], [81.54224546551609, 29.927097424361804], [81.53491952582812, 29.92758521722412], [81.52832024309791, 29.9241023320232], [81.51688621270937, 29.92278530102276], [81.51200068854766, 29.916152986561368], [81.51694053214722, 29.904344419453732], [81.50399263936062, 29.892884827044917], [81.49561833881944, 29.890024984311808], [81.49273766090126, 29.887171338993443], [81.47985490511472, 29.89205683035452], [81.47069164062671, 29.889834354068523], [81.46449980306684, 29.893381622885734], [81.45643271067381, 29.901193464728134], [81.45704629489185, 29.905745168016246], [81.46166990080773, 29.913321014463055], [81.46010465690802, 29.91805848286824], [81.46269231196038, 29.92096799375855], [81.46035401742068, 29.924000737793857], [81.45903318500633, 29.931838604448373], [81.4547854668024, 29.934758396449325], [81.45860555237864, 29.942637078229556], [81.4528761011011, 29.949037584272357], [81.45276282887704, 29.951169380252175], [81.46692889951602, 29.960746291556013], [81.4686905430187, 29.963699161139267], [81.46829708948823, 29.971220318822777], [81.47019210565065, 29.973157724179945], [81.47005302900287, 29.975113724379337], [81.46071924786011, 29.98568872477432], [81.46323898250509, 29.995197858453974], [81.45715946548924, 30.00097504417303], [81.45451386627283, 30.002432182724597], [81.44453528975448, 30.003012055564664], [81.44027168103992, 30.006946377041523], [81.43025529676294, 30.007588493608566], [81.41922697153873, 30.01275073203296], [81.41264139887363, 30.01862889940622], [81.40482626628975, 30.019661384796855], [81.40133944070713, 30.022827350410637], [81.39955220714951, 30.018105461268604], [81.39023457216616, 30.016883888926454], [81.38392662391429, 30.01359142896495], [81.38195069537248, 30.00721650472685], [81.37661656714614, 30.006467255207767], [81.374816878289, 30.009939027602446], [81.36810259592696, 30.010943592693938], [81.36286784105407, 30.00957327735351], [81.3570508107573, 30.01055454472287], [81.34646180895527, 30.018785936184237], [81.33177642284394, 30.024128671378698], [81.31866151414589, 30.02560004515009], [81.31462038201322, 30.032705443569295], [81.30979491827763, 30.03285667793391], [81.30685766624457, 30.031047934053447], [81.29104889820402, 30.03498585069328], [81.28466904311227, 30.03754621135747], [81.281368330097, 30.04347841765578], [81.27196915523197, 30.04526643634044], [81.26399091190609, 30.0433497618706], [81.2620304916751, 30.039932184522666], [81.25002097970967, 30.038609025448004], [81.23742352011897, 30.031834375074386], [81.25326842110468, 30.023637798355203], [81.25365687367797, 30.01969673969001], [81.24540471967694, 30.01121155771629], [81.23995463390105, 30.01256585828736], [81.23172141483187, 30.007699773020434], [81.2174724442731, 30.007311308333602], [81.2142157751383, 30.014031190964417], [81.21070385586243, 30.015611181924232], [81.20772761911088, 30.02044487282355], [81.20398498075203, 30.022018299354983], [81.20079836786799, 30.021414189478367], [81.19482828899113, 30.022880222792203], [81.18402592431909, 30.01079297405643], [81.17769909510417, 30.015100545683215], [81.17104933342549, 30.014464268322293], [81.16371459938685, 30.01052873148033], [81.15635132843362, 30.012452640349736], [81.14935555653527, 30.011578881091637], [81.14407863947446, 30.0162693674115], [81.13335993185636, 30.016046122710943], [81.12397340046981, 30.020232414866346], [81.12215044610768, 30.028500420573963], [81.11817070671358, 30.034230699352445], [81.11077220079375, 30.035653593428105], [81.10767743485819, 30.03958293045373], [81.10666024089832, 30.044374400000137], [81.0992306445703, 30.04769348797423], [81.09091217717113, 30.054222323057594], [81.09892014298158, 30.064677373898146], [81.10083564034035, 30.074811939144162], [81.10722964541654, 30.07781342448417], [81.10616076747237, 30.07926452385303], [81.10849829109947, 30.084524680756825], [81.10811565800545, 30.0880254067549], [81.10464551793397, 30.09120162195488], [81.10198203196168, 30.097128774826633], [81.0983291741784, 30.100014015192386], [81.09466510219964, 30.100812892309275], [81.08706293162201, 30.098977716618542], [81.08123601971207, 30.100526430285097], [81.08449733893171, 30.106713323157773], [81.08453259472302, 30.11687179786359], [81.07828307097121, 30.12465472737829], [81.08285124848125, 30.135753172122914], [81.08181148225805, 30.14130900518408], [81.08316367621423, 30.14818949488121], [81.07739591806292, 30.154882596798636], [81.0641177442987, 30.1587758659222], [81.0615986220342, 30.16779203882514], [81.05697690997694, 30.169889404047062], [81.05616514887585, 30.173403746681903], [81.05172716471, 30.1789448502648], [81.0439032773841, 30.18058521690796], [81.04249955806277, 30.193594962793295], [81.03358579132636, 30.197018957709613], [81.03527140861415, 30.19841009763588], [81.03411208098711, 30.201322180786992], [81.04339367855837, 30.204709293664255], [81.04565850907403, 30.20729776544666], [81.04513946971608, 30.210056308547678], [81.0400496402463, 30.21544841744541], [81.02905258240612, 30.21984029292869], [81.02942792857263, 30.225711114917598], [81.02581202976728, 30.227024442707883], [81.0288830656641, 30.232964543388338], [81.02664159533137, 30.23467241367233], [81.02052956063, 30.23480432203339], [81.01243809816994, 30.239426650656654], [81.0054689144999, 30.24055932773862], [80.9981396599757, 30.245126609616257], [80.98872374517185, 30.246722959697298], [80.98212264105906, 30.24397969725505], [80.97619231416765, 30.237895885229673], [80.95957798841273, 30.2376324434946], [80.93574951478098, 30.23476534271808], [80.92749469992985, 30.235785014374397], [80.92121507624928, 30.231593080343703], [80.91573026643451, 30.224575364359193], [80.90760332427759, 30.22110108918306], [80.9024364690162, 30.214159682112054], [80.8972654035488, 30.212261170556793], [80.89422792775258, 30.206099217000283], [80.88400191750108, 30.194324078918317], [80.88546913155253, 30.188226739464174], [80.88014723589082, 30.181239209727817], [80.87130667465209, 30.175774927752393], [80.86821122878712, 30.175663648333064], [80.86315409341519, 30.16954622638561], [80.86343808715483, 30.167620413062856], [80.86700979990718, 30.166586557427408], [80.8713963544666, 30.160920840448462], [80.87096673321794, 30.153233878258742], [80.87872951636423, 30.132457451121134], [80.87757411841568, 30.12849812424485], [80.87406095402449, 30.12621679556108], [80.86803192668913, 30.12534024001984], [80.86257062952193, 30.120918526531863], [80.85504767989731, 30.120238307178948], [80.85427637230497, 30.1188300559859], [80.84499919990753, 30.11602270314071], [80.84189653643661, 30.110411945054484], [80.84617376112656, 30.106612110930588], [80.84530170452771, 30.102316695583855], [80.83715466108751, 30.097446365248413], [80.8295624620754, 30.09722247693124], [80.82630617650706, 30.10003073043947], [80.82258025387084, 30.099888196119483], [80.81921139450344, 30.096888374721434], [80.81548635548279, 30.096348629162975], [80.81401649083135, 30.092954307611283], [80.80585111030553, 30.08964057953699], [80.80171162576127, 30.08559941019152], [80.79954225500315, 30.08087545591886], [80.78989402939594, 30.073094884078227], [80.78914644661522, 30.06930448435493], [80.77951098925831, 30.056651374262575], [80.77616080334141, 30.054336113219073], [80.76564323097976, 30.05194958144258], [80.76127499971663, 30.04949682151466], [80.75845758827874, 30.045043895232066], [80.75942760521909, 30.043518739360373], [80.75576605114765, 30.039598752717172], [80.755557025506, 30.031668189688943], [80.75830684124787, 30.02757730094344], [80.75759587628825, 30.02389282850083], [80.75424989532127, 30.020401930103986], [80.74950211874611, 30.00886977679041], [80.74474679422393, 30.003991054112568], [80.73814759207852, 29.999512269060403], [80.71964069188375, 30.000306458583147], [80.71239417356634, 29.99017051519443], [80.70461807003103, 29.985712277511304], [80.70057266142962, 29.979983207691852], [80.69711801975974, 29.979494897253556], [80.69010326361823, 29.97416693882062], [80.68377044430743, 29.96692535855266], [80.68269384712504, 29.962941846741803], [80.67417199268613, 29.957176348832174], [80.65647758972598, 29.955169127852518], [80.64867902722621, 29.955910897174743], [80.64077224085071, 29.959712624958346], [80.63801388090948, 29.962851479480737], [80.62989677479374, 29.96514078610779], [80.62150545091968, 29.96397347824775], [80.60877610774564, 29.958602014772698], [80.60400907238309, 29.958874242068234], [80.59546459783826, 29.953040437211556], [80.5814524918511, 29.936310661385725], [80.57830018635472, 29.92819220385551], [80.57433456092588, 29.923463228676148], [80.56978030189946, 29.909004354722647], [80.57272274791974, 29.8952554449684], [80.5660066872167, 29.879212756672004], [80.5569780093264, 29.870614146890155], [80.55755027710204, 29.868568034936647], [80.56165855875084, 29.8664029163766], [80.55487518973698, 29.862042932909226], [80.5516116050659, 29.85651041646198], [80.5535949519126, 29.85303464552008], [80.55278741836077, 29.850399759102228], [80.54858525221017, 29.850089986084182], [80.54375679177157, 29.84627510038087], [80.53898368481332, 29.84715170789598], [80.5359126227286, 29.83866703653017], [80.53126926962041, 29.838215333560917], [80.52825238655733, 29.83354248873319], [80.5238853867663, 29.832087760263523], [80.52400622956881, 29.82918547370346], [80.52184212560022, 29.827043837689416], [80.50735055970624, 29.82309984338344], [80.49747817008773, 29.811579937170105], [80.50036144485145, 29.808708306889365], [80.49556835593813, 29.804774558068942], [80.49501978645594, 29.80219667042048], [80.49279609513324, 29.80204378236002], [80.49461277922094, 29.798405837387264], [80.4934318015287, 29.795536844457455], [80.47964769678688, 29.79569984544676], [80.46403086441383, 29.802273091852996], [80.45431032642642, 29.802434082567736], [80.44914084074973, 29.79920307481839], [80.44424520415238, 29.799128458500725], [80.43545373937528, 29.80607194237366], [80.42901206763644, 29.798102680935617], [80.41605314112556, 29.79570712335427], [80.41321684412068, 29.791848953938874], [80.40697541165821, 29.794451004721815], [80.40721379753433, 29.784006871950545], [80.40375549701226, 29.781762855006722], [80.40472148138431, 29.778392998039436], [80.39997833303256, 29.773837934196344], [80.39644539736894, 29.765102156125835], [80.39762320493999, 29.759286096313474], [80.39453252118263, 29.758311212711114], [80.39022857952004, 29.76037546446622], [80.3852522952652, 29.75853901536326], [80.38587302748401, 29.75041979175455], [80.3724512706142, 29.749161433540177], [80.36812577931644, 29.750645240113883], [80.36532004789717, 29.746332802122375], [80.36421467444174, 29.740145186451883], [80.36976606500524, 29.734427045685454], [80.36623312267822, 29.72992161699362], [80.36648905747336, 29.72399986667077], [80.3685343138852, 29.72169779757053], [80.37320098427367, 29.72165229693517], [80.37558949740882, 29.719852371506885], [80.37210929933114, 29.71530913394305], [80.37456262575422, 29.712873519446028], [80.37722430054289, 29.70245878754928], [80.37996288452027, 29.701034892767737], [80.38046957689566, 29.688559705282696], [80.38533008983524, 29.685086280302514], [80.38342494071955, 29.67948822356382], [80.38459142472145, 29.67440515662679], [80.39016852387346, 29.67107472781168], [80.38941512315074, 29.667417251514856], [80.39096108754798, 29.664169639552075], [80.3990470036827, 29.662399843809084], [80.3981981142965, 29.65885485565047], [80.40575730608053, 29.660007652134382], [80.41014361693301, 29.653704988775925], [80.41460587375099, 29.653984142020363], [80.41662551940622, 29.65096838988482], [80.4141200332087, 29.644348548048143], [80.42032007615788, 29.639142928067706], [80.41949570847582, 29.634035025796443], [80.42102837884015, 29.629790008797254], [80.41816582706991, 29.626382795782906], [80.41074774396454, 29.62501258351701], [80.40812880887303, 29.620029710424223], [80.40826455662346, 29.615133487802396], [80.40579724444429, 29.61284661075403], [80.40902105582282, 29.60475229002489], [80.40807652243723, 29.595391974871742], [80.40329327376287, 29.58958509004753], [80.39153014270714, 29.581625948385618], [80.39030560983507, 29.574619033338447], [80.38802178214534, 29.571771024509474], [80.37919356283838, 29.57149550497072], [80.3789167616692, 29.561341898620903], [80.36372743047667, 29.564082704929547], [80.36240459042745, 29.56155911420436], [80.36411274608882, 29.55662991252524], [80.3573208301555, 29.555076977639587], [80.34896291071156, 29.55533172706079], [80.3427769869293, 29.55293294153378], [80.34574371074154, 29.548616884164122], [80.34165761481216, 29.542784135421336], [80.34191986661386, 29.540335869800977], [80.34864275335744, 29.540490812736746], [80.35807852100656, 29.532545239528343], [80.35555475492463, 29.527809842973635], [80.34859333231417, 29.524155729486075], [80.34973444543813, 29.51892836082013], [80.3413623623659, 29.509979917036727], [80.33240598296604, 29.512935154578656], [80.32879516292394, 29.505356264288896], [80.31394498924496, 29.499070926974884], [80.31294010283318, 29.496629708255593], [80.31473040145241, 29.48988130382096], [80.31314795312966, 29.4845386639165], [80.30458885533649, 29.486023482439208], [80.30092409862101, 29.490596631590495], [80.29916540206808, 29.490605360543498], [80.29613648402952, 29.488074436879366], [80.29639652100846, 29.483460939437272], [80.29311710524996, 29.47890308003851], [80.28672389098875, 29.476895316462357], [80.28755852727765, 29.472833021874937], [80.29660566673243, 29.460443863903173], [80.30166515624417, 29.456676591314743], [80.30258408604578, 29.453119875929406], [80.29772960063524, 29.450831971247673], [80.29453411892618, 29.45378796588309], [80.28843220179633, 29.45010142817304], [80.28613036800913, 29.45168381317912], [80.28056964435442, 29.450936566747707], [80.2790706769169, 29.453946452747378], [80.2805727258555, 29.457624435812267], [80.27629704727855, 29.45856429668506], [80.26926125653496, 29.455061354575875], [80.27413237555052, 29.45264295332203], [80.27436670500914, 29.44954506140807], [80.26986368039752, 29.450691086144793], [80.26699491979835, 29.448559627754342], [80.25821819907355, 29.451813153350216], [80.25572053871292, 29.448073038234583], [80.24530724230897, 29.446507685959087], [80.24304353365686, 29.44379491475403], [80.24310631644015, 29.441149478089862], [80.24695377913046, 29.437760842912432], [80.24755661892179, 29.43472151285836], [80.2440739598826, 29.423487029818066], [80.24604655427558, 29.41611793647699], [80.24173096812473, 29.41161612132912], [80.24606150128021, 29.40741375750142], [80.254067767609, 29.40406185752257], [80.26420060865443, 29.397225123642947], [80.27184627664519, 29.39521902951592], [80.27474010154427, 29.39304233145642], [80.27565463009464, 29.39124957443732], [80.27301688290939, 29.386214267429498], [80.27900661742395, 29.37857774611376], [80.27138630251224, 29.373693553003285], [80.2712091579122, 29.364539288589405], [80.27942448403007, 29.359465990188664], [80.28022276761583, 29.346279491165674], [80.28471499044267, 29.34064432590868], [80.29060549355313, 29.33673514081821], [80.2909780988956, 29.330692089480333], [80.29628990907888, 29.32424882205352], [80.30848738324406, 29.322846413588124], [80.31700402831449, 29.31479702288049], [80.31601182889432, 29.308243815951478], [80.31857479595763, 29.303930627812978], [80.31803877880857, 29.301669959191038], [80.3114739610547, 29.291612265108725], [80.30620372511916, 29.289015820251333], [80.30437809515466, 29.28531608458597], [80.30408782932655, 29.27285887851624], [80.29925937045456, 29.26058772536235], [80.30028819103616, 29.25503069854816], [80.29864862424279, 29.249669433312633], [80.30043755825804, 29.242144974599455], [80.29078004548909, 29.23161203678965], [80.29613890753596, 29.221431246425556], [80.29410521999223, 29.211211370168073], [80.29736974249242, 29.20511573336925], [80.29335116325352, 29.19730573162031], [80.2873255219065, 29.195225667181937], [80.27508476359104, 29.207096904824965], [80.26090240002696, 29.206746393598742], [80.25792080859756, 29.21074485702821], [80.25610173566945, 29.219471014633754], [80.25278647174976, 29.221484848694036], [80.24840620381566, 29.22104302505346], [80.24719020881987, 29.2153339225593], [80.24455261461252, 29.21246566191917], [80.24089058263137, 29.2024907434405], [80.24198265292509, 29.200426262580233], [80.25017360334117, 29.195667807539483], [80.25801322058612, 29.187381368019366], [80.26072766990376, 29.174701467357586], [80.258483542246, 29.170498085738544], [80.25844143242736, 29.165812775616796], [80.26573018707133, 29.15353245349383], [80.27193319293409, 29.146724855041928], [80.27291622526936, 29.1440120586385], [80.27175078903956, 29.142122285310908], [80.25417388434471, 29.137992464169276], [80.24890474428528, 29.12900805763045], [80.24441745055219, 29.127130868681384], [80.23337853163584, 29.118503360145674], [80.20980683189984, 29.121880826529885], [80.2035293263679, 29.129375360062685], [80.19670711391193, 29.130785084880422], [80.18355525567617, 29.137127458373513], [80.17819711958214, 29.128570574215434], [80.16787501366137, 29.125791088576715], [80.16401748927828, 29.1170061185757], [80.14475420837515, 29.103425105726263], [80.12859769069512, 29.061099703425295], [80.13658194390602, 29.058927188136927], [80.1265439794872, 29.0317513717275], [80.13145564042098, 29.030432053143745], [80.12467270639259, 29.01310047530062], [80.13637953251964, 29.009623564742423], [80.13569109863379, 29.007320584771737], [80.12690956895503, 29.006068286395216], [80.1180413386933, 28.981718967091698], [80.10034931041672, 28.986498873936853], [80.09616530228753, 28.97533449846472], [80.05858451523449, 28.916451519912687], [80.06484996641596, 28.837401124203957], [80.07508651224813, 28.82441108414387], [80.11821786778683, 28.828848106718098], [80.13856700024607, 28.8139066802035], [80.17104329011916, 28.782409755863856], [80.2161556033059, 28.755433742814564], [80.23359010372141, 28.759341519814758], [80.24156843665021, 28.75620584353584], [80.25155855622164, 28.75743453397396], [80.26103705642316, 28.75041698825143], [80.26517084598495, 28.74358411341189], [80.26310357975733, 28.734342077744746], [80.25629976985762, 28.729434643378855], [80.27767189892553, 28.710026270576144], [80.29374974841564, 28.71137670856465], [80.29697776942861, 28.709785082221202], [80.29901066742383, 28.706475040294507], [80.30799047092636, 28.704714373492635], [80.3173787012793, 28.699891684497928], [80.32200376150732, 28.691475836821088], [80.32275062004072, 28.685783565057843], [80.32133206885638, 28.68133246386053], [80.326042475515, 28.669880463350154], [80.32599759728025, 28.666406224080912], [80.34740523658267, 28.654394910473705], [80.3534460378625, 28.65035879537606], [80.3557589012328, 28.646837151247734], [80.36045653268252, 28.645429151090276], [80.35728316122457, 28.64073323868353], [80.3608243821729, 28.635572824878334], [80.36765826753181, 28.635297994247257], [80.37099791941267, 28.632416989435658], [80.37139216501325, 28.629170421897], [80.37435731068014, 28.630059374036477], [80.37643567703863, 28.628385991675692], [80.38296500273394, 28.6306944166066], [80.38619807815279, 28.629725545220367], [80.41478135290389, 28.6392228721875], [80.41849403742243, 28.639083242271003], [80.4240649330382, 28.63716467433222], [80.43247084781146, 28.637331009672476], [80.43774809590151, 28.63538587877995], [80.44266971822556, 28.628546012066664], [80.45169104976817, 28.628686607262225], [80.45632024746845, 28.6236520687275], [80.46061250520044, 28.621683990294894], [80.4617788921846, 28.61869059522797], [80.45969119294138, 28.61760842225416], [80.46300043837745, 28.617089197049676], [80.46439834211029, 28.614994471952556], [80.46193210774655, 28.615458461340694], [80.4603665325543, 28.613843781215778], [80.46260074820896, 28.612614172423914], [80.46624993181321, 28.600816690417105], [80.47181145975222, 28.59028980058626], [80.4710527752198, 28.584647066319757], [80.46831329138618, 28.583445270692785], [80.47549131923459, 28.583139322631855], [80.4811765106523, 28.585423864488607], [80.48379376687515, 28.582128952643426], [80.4950194055725, 28.575383152852584], [80.49985358386049, 28.569761233156836], [80.50649601718705, 28.56812521576655], [80.51530285841024, 28.55739394525595], [80.51769174299139, 28.551873112850974], [80.51996695872944, 28.55434016029559], [80.52300881481027, 28.55304469124288], [80.53077840032337, 28.572323864752427], [80.52994997184707, 28.574942360971967], [80.52566970516881, 28.573312274624065], [80.5216710672765, 28.57695738633109], [80.51487683095073, 28.61598085733506], [80.51138699875335, 28.62380758614876], [80.50358592351554, 28.66527200193927], [80.50621116411588, 28.671049931477704], [80.53990139805003, 28.690695566011495], [80.55014267582548, 28.69163235069493], [80.56873026433729, 28.687963792488315], [80.59046024424998, 28.679786066931747], [80.58023710981122, 28.66133978863376], [80.59764307286345, 28.65601680756141], [80.5897703967761, 28.64779522802915], [80.60629963729, 28.65242368387407], [80.61162249042485, 28.639357089855583], [80.63332275614594, 28.63737597447611], [80.64156154255967, 28.643328769407628], [80.65128311516382, 28.63397400863963], [80.66765951283557, 28.64194927694241], [80.67080779546897, 28.628401077254235], [80.67960815797532, 28.62052191783095], [80.67744076665983, 28.604404892505542], [80.69576672637494, 28.603432080297416], [80.69032390828856, 28.587136343424987], [80.70396580767348, 28.57882878216725], [80.71467595809693, 28.567944238134665], [80.72457294282448, 28.57486108966129], [80.73880558521996, 28.565939904847532], [80.73845500277156, 28.574274938000872], [80.76802036733211, 28.56567941084951], [80.7695818419757, 28.549766221182786], [80.78276922059199, 28.54684840436605], [80.7895851599061, 28.54343236823015], [80.78459712105008, 28.529342742559706], [80.78905140477191, 28.524427190917983], [80.79981105684523, 28.521183623757636], [80.81552205494256, 28.520720795683435], [80.83004622197498, 28.51180386510643], [80.84359250792153, 28.49977989727901], [80.84453569742283, 28.495471997105412], [80.85534282830734, 28.497171409561815], [80.86560361662407, 28.489626673272614], [80.86162149122872, 28.50420764474271], [80.87589627656078, 28.50982304811157], [80.89616290144617, 28.505713804945877], [80.89981411195818, 28.500559389710745], [80.90866970578018, 28.49763733310261], [80.90703236555171, 28.489740234499926], [80.90148018196774, 28.485759034999546], [80.90577066311447, 28.465848374775607], [80.91570056871107, 28.45770618982424], [80.9145327540314, 28.467875544282315], [80.91962206531458, 28.463815546856626], [80.91764452181546, 28.45980770662831], [80.93064185360282, 28.457680814031555], [80.93244008684007, 28.463118643349226], [80.94260280976161, 28.46850389460935], [80.94530541754875, 28.4661903307222], [80.93233698309788, 28.45866293073134], [80.94477523141018, 28.454792819226206], [80.95165372251041, 28.455654949005368], [80.95180282946455, 28.44759882358848], [80.9641378735699, 28.44965109728149], [80.96710585385448, 28.45705607264055], [80.97989458423858, 28.455321390642187], [80.96490622110993, 28.444791808736703], [80.96814487290358, 28.44294720689165], [80.96536983065319, 28.43780052423822], [80.97915482727441, 28.43441482157488], [80.97791180415621, 28.44255661274699], [80.98924040682073, 28.44171195713475], [80.99976609530299, 28.45406856572656], [81.01751928766292, 28.45170088036936], [81.01304991861285, 28.43828938134874], [81.01926736710446, 28.431748441179142], [81.02963997638963, 28.43861843245868], [81.03382807616612, 28.42798934437981], [81.01680495327976, 28.415832573959385], [81.02107358448379, 28.410404005269204], [81.03238273580814, 28.398817094780608], [81.03488591477101, 28.413428770915868], [81.04600102310853, 28.41006853238131], [81.06738618422014, 28.394511115266123], [81.06711482765904, 28.399630137352908], [81.05942305723762, 28.407502686921834], [81.05956724879519, 28.409950461756296], [81.06455496128353, 28.42085151291432], [81.06859945827053, 28.425857911934468], [81.07687952696745, 28.433496931512817], [81.08586772973919, 28.438423086573472], [81.09063984860333, 28.45697342537534], [81.09463294940556, 28.45983358485059], [81.09892006174073, 28.459413176349692], [81.1090082856968, 28.46147648690612], [81.11483794240998, 28.472580216635418], [81.12077559596715, 28.475151427334094], [81.12995336284104, 28.48222682272297], [81.13796463681687, 28.490917991635143], [81.14735703149059, 28.495986390081285], [81.14813665958745, 28.496991743568696], [81.14551365169513, 28.496286151143224], [81.14730875184704, 28.49823792954006], [81.15322257717052, 28.502003405315126], [81.16017389199328, 28.501465167539926], [81.16278565908844, 28.513430151949258], [81.16766281589273, 28.520729035810177], [81.168115323107, 28.52422752976757], [81.19969267523862, 28.554545674962117], [81.22094238110374, 28.568298917378108], [81.23245966767813, 28.577576513589687], [81.24894559387228, 28.594462341297703], [81.25963054267928, 28.61213796106671], [81.26879476842373, 28.61786373260959], [81.27070787962496, 28.62962466425029], [81.28199637522602, 28.63935177909976], [81.28774331791801, 28.648645425681217], [81.28743611471317, 28.663530663296072], [81.28533836514183, 28.673314477055953]]]}}]}